mxene_type,terminations,electrolyte,electrolyte_concentration,thickness_um,deposition_method,annealing_temp_c,annealing_time_min,interlayer_spacing_nm,specific_surface_area_m2g,pore_volume_cm3g,optical_transmittance,sheet_resistance_ohm_sq,areal_capacitance_mf_cm2,esr_ohm,rate_capability_percent,cycle_life_cycles
V2CTx,mixed,3 M KOH,1.6347422051907494,16.310000000000002,Solvothermal,180.0,71.0,1.4075,971.0,0.1792,0.607,253.05,960.0,3.5825,78.705,12146
V2CTx,mixed,3 M KOH,1.6347422051907494,16.310000000000002,Solvothermal,180.0,71.0,1.4075,117.1,0.1792,0.607,253.05,787.5,3.5825,78.705,12146
V2CTx,mixed,3 M KOH,1.6347422051907494,16.310000000000002,Solvothermal,180.0,71.0,1.4075,971.0,0.1792,0.607,253.05,429.78999999999996,3.5825,78.705,70981
Ti3C2Tx,mixed,1 M H2SO4,1.6347422051907494,16.310000000000002,MILD,50.0,71.0,1.4075,117.1,0.1792,0.607,253.05,320.0,3.5825,78.705,100000
Ti3C2Tx,mixed,1 M H2SO4,1.6347422051907494,16.310000000000002,MILD,50.0,71.0,1.4075,117.1,0.1792,0.607,253.05,525.0,3.5825,78.705,12146
Ti3C2Tx,mixed,1 M H2SO4,1.6347422051907494,16.310000000000002,MILD,50.0,71.0,1.4075,117.1,0.1792,0.607,253.05,416.0,3.5825,78.705,12146
Ti3C2Tx,mixed,1 M H2SO4,1.6347422051907494,16.310000000000002,MILD,160.1,71.0,1.4075,117.1,0.1792,0.607,253.05,139.5,3.5825,78.705,29590
Ti3C2Tx,mixed,1 M H2SO4,1.6347422051907494,16.310000000000002,MILD,160.1,71.0,1.4075,117.1,0.1792,0.607,253.05,117.0,3.5825,78.705,12146
Ti3C2Tx,mixed,PVA/H2SO4 gel,1.6347422051907494,16.310000000000002,MILD,160.1,71.0,1.4075,117.1,0.1792,0.607,253.05,60.0,3.5825,78.705,12146
Ti3C2Tx,mixed,PVA/H2SO4 gel,1.6347422051907494,16.310000000000002,MILD,160.1,71.0,1.4075,117.1,0.1792,0.607,253.05,50.0,3.5825,78.705,12146
Ti3C2Tx,mixed,PVA/H2SO4,1.6347422051907494,16.310000000000002,MILD,160.1,71.0,1.4075,117.1,0.1792,0.607,253.05,2.4,3.5825,78.705,73259
Ti3C2Tx,mixed,PVA/H2SO4,1.6347422051907494,16.310000000000002,MILD,160.1,71.0,1.4075,117.1,0.1792,0.607,253.05,429.78999999999996,3.5825,78.705,43503
Ti3C2Tx,mixed,PVA/H2SO4,1.6347422051907494,16.310000000000002,MILD,160.1,71.0,1.4075,117.1,0.1792,0.607,253.05,429.78999999999996,3.5825,78.705,7756
Ti3C2Tx,mixed,6 M KOH,1.6347422051907494,16.310000000000002,Hydrothermal,140.0,71.0,1.4075,65.0,0.1792,0.607,253.05,624.45,3.5825,78.705,100000
Ti3C2Tx,mixed,PVA/KOH gel,1.6347422051907494,16.310000000000002,Hydrothermal,140.0,71.0,1.4075,117.1,0.1792,0.607,253.05,829.6500000000001,3.5825,78.705,100000
Ti3C2Tx,mixed,6 M KOH,1.6347422051907494,16.310000000000002,Hydrothermal,140.0,71.0,1.4075,117.1,0.1792,0.607,253.05,502.5,3.5825,78.705,12146
Ti3C2Tx,mixed,6 mol/L KOH,1.6347422051907494,16.310000000000002,Electrostatic self-assembly,180.0,71.0,1.4075,117.1,0.1792,0.607,253.05,2165.3999999999996,3.5825,78.705,20486
Ti3C2Tx,mixed,6 mol/L KOH,1.6347422051907494,16.310000000000002,Electrostatic self-assembly,180.0,71.0,1.4075,117.1,0.1792,0.607,253.05,1856.3999999999999,3.5825,78.705,12146
Ti3C2Tx,mixed,6 mol/L KOH,1.6347422051907494,16.310000000000002,Electrostatic self-assembly,180.0,71.0,1.4075,117.1,0.1792,0.607,253.05,1783.3500000000001,3.5825,78.705,12146
Ti3C2Tx,mixed,6 mol/L KOH,1.6347422051907494,16.310000000000002,LiF/HCl etching,50.0,71.0,1.4075,117.1,0.1792,0.607,253.05,578.55,3.5825,78.705,4604
Ti3C2Tx,mixed,6 mol/L KOH,1.6347422051907494,16.310000000000002,Asymmetric Supercapacitor Assembly,160.1,71.0,1.4075,117.1,0.1792,0.607,253.05,224.85000000000002,3.5825,78.705,11852
Ti3C2Tx,mixed,1 M KOH,1.6347422051907494,16.310000000000002,"Selective etching of Ti3AlC2 with HF, DMSO intercalation, and weak sonication",160.1,71.0,1.4075,10.0,0.1792,0.607,253.05,429.78999999999996,3.5825,78.705,30430
Ti3C2Tx,mixed,1 M KOH,1.6347422051907494,16.310000000000002,Hydrothermal method to grow Ni(OH)2 on Ti3C2Tx followed by thermal annealing at 400 C for 1 h to form Ni-dMXNC,400.0,71.0,1.4075,77.5,0.1792,0.607,253.05,429.78999999999996,3.5825,78.705,3178
Ti3C2Tx,mixed,1 M KOH,1.6347422051907494,16.310000000000002,Assembly of asymmetric supercapacitor (ASC) using Ni-dMXNC as positive electrode and Ti3C2Tx MXene as negative electrode,160.1,71.0,1.4075,117.1,0.1792,0.607,253.05,429.78999999999996,3.5825,78.705,3410
Ti3C2,mixed,6 M KOH,1.6347422051907494,16.310000000000002,solvothermal,160.1,71.0,1.4075,117.1,0.1792,0.607,253.05,350.0,3.5825,78.705,12146
Ti3C2,mixed,6 M KOH,1.6347422051907494,16.310000000000002,solvothermal,160.1,71.0,1.4075,117.1,0.1792,0.607,253.05,3300.0,3.5825,78.705,4790
Ti3C2,mixed,6 M KOH,1.6347422051907494,16.310000000000002,solvothermal,160.1,71.0,1.4075,117.1,0.1792,0.607,253.05,1350.0,3.5825,78.705,12146
Ti3C2,mixed,PAAm-KOH hydrogel,1.6347422051907494,16.310000000000002,solvothermal,160.1,71.0,1.4075,117.1,0.1792,0.607,253.05,335.0,3.5825,78.705,6256
Ti3C2,mixed,3 M KOH,1.6347422051907494,16.310000000000002,solve-thermal,160.1,71.0,1.4075,57.5,0.1792,0.607,253.05,1722.1799999999998,3.5825,78.705,12146
Ti3C2,mixed,3 M KOH,1.6347422051907494,16.310000000000002,solve-thermal,160.1,71.0,1.4075,57.5,0.1792,0.607,253.05,1972.59,3.5825,78.705,12146
V2CTx,mixed,1 M H2SO4,1.6347422051907494,16.310000000000002,hydrothermal,160.1,71.0,1.4075,117.1,0.1792,0.607,253.05,889.3499999999999,3.5825,78.705,12146
Ti3C2,mixed,3 M H2SO4,1.6347422051907494,16.310000000000002,,160.1,71.0,1.4075,117.1,0.1792,0.607,253.05,2414.25,3.5825,78.705,12146
MXene,mixed,,1.6347422051907494,16.310000000000002,,160.1,71.0,1.4075,117.1,0.1792,0.607,253.05,409.04999999999995,3.5825,78.705,12146
MXene,mixed,,1.6347422051907494,16.310000000000002,,160.1,71.0,1.4075,117.1,0.1792,0.607,253.05,669.27,3.5825,78.705,12146
MXene,mixed,6 M KOH,1.6347422051907494,16.310000000000002,,160.1,71.0,1.4075,117.1,0.1792,0.607,253.05,234.0,3.5825,78.705,12146
Ti3C2Tx,mixed,,1.6347422051907494,16.310000000000002,,160.1,71.0,1.4075,117.1,0.1792,0.607,253.05,622.5,3.5825,78.705,38122
MXene,mixed,,1.6347422051907494,16.310000000000002,photochemical,160.1,71.0,1.4075,117.1,0.1792,0.607,253.05,736.5,3.5825,78.705,12146
MXene,mixed,,1.6347422051907494,16.310000000000002,,160.1,71.0,1.4075,117.1,0.1792,0.607,253.05,862.5,3.5825,78.705,12146
MXene,mixed,,1.6347422051907494,16.310000000000002,ammonium salt decomposition,350.0,71.0,1.4075,117.1,0.1792,0.607,253.05,673.5,3.5825,78.705,12146
MXene,mixed,1 M ZnSO4,1.6347422051907494,16.310000000000002,,160.1,71.0,1.4075,117.1,0.1792,0.607,253.05,371.85,3.5825,78.705,12146
MXene,mixed,3 M H2SO4,1.6347422051907494,16.310000000000002,heat treatment,160.1,71.0,1.4075,117.1,0.1792,0.607,253.05,449.28,3.5825,78.705,12146
MXene,mixed,,1.6347422051907494,16.310000000000002,,160.1,71.0,1.4075,117.1,0.1792,0.607,253.05,2773.5,3.5825,78.705,12146
MXene,mixed,1 M H2SO4,1.6347422051907494,16.310000000000002,,160.1,71.0,1.4075,117.1,0.1792,0.607,253.05,510.0,3.5825,78.705,100000
MXene,mixed,1 M H2SO4,1.6347422051907494,16.310000000000002,ammonia annealing,160.1,71.0,1.4075,117.1,0.1792,0.607,253.05,288.0,3.5825,78.705,12146
V4C3Tx,mixed,,1.6347422051907494,16.310000000000002,ammonia annealing,350.0,71.0,1.4075,117.1,0.1792,0.607,253.05,315.0,3.5825,78.705,12146
MXene,mixed,,1.6347422051907494,16.310000000000002,,160.1,71.0,1.4075,117.1,0.1792,0.607,253.05,399.75,3.5825,78.705,12146
MXene,mixed,,1.6347422051907494,16.310000000000002,,160.1,71.0,1.4075,117.1,0.1792,0.607,253.05,1920.0,3.5825,78.705,12146
MXene,mixed,H2SO4,1.6347422051907494,16.310000000000002,,160.1,71.0,1.4075,117.1,0.1792,0.607,253.05,694.5,3.5825,78.705,23121
MXene,mixed,6 M KOH,1.6347422051907494,16.310000000000002,,160.1,71.0,1.4075,117.1,0.1792,0.607,253.05,370.5,3.5825,78.705,12146
MXene,mixed,,1.6347422051907494,16.310000000000002,,160.1,71.0,1.4075,117.1,0.1792,0.607,253.05,490.5,3.5825,78.705,12146
MXene,mixed,,1.6347422051907494,16.310000000000002,,160.1,71.0,1.4075,117.1,0.1792,0.607,253.05,285.0,3.5825,78.705,12146
MXene,mixed,,1.6347422051907494,16.310000000000002,,160.1,71.0,1.4075,117.1,0.1792,0.607,253.05,627.5999999999999,3.5825,78.705,12146
MXene,mixed,,1.6347422051907494,16.310000000000002,,160.1,71.0,1.4075,117.1,0.1792,0.607,253.05,124.19999999999999,3.5825,78.705,12146
MXene,mixed,,1.6347422051907494,16.310000000000002,,160.1,71.0,1.4075,117.1,0.1792,0.607,253.05,390.0,3.5825,78.705,12146
MXene,mixed,,1.6347422051907494,16.310000000000002,,160.1,71.0,1.4075,117.1,0.1792,0.607,253.05,498.0,3.5825,78.705,100000
MXene,mixed,,1.6347422051907494,16.310000000000002,,160.1,71.0,1.4075,117.1,0.1792,0.607,253.05,375.0,3.5825,78.705,12146
MXene,mixed,,1.6347422051907494,16.310000000000002,,160.1,71.0,1.4075,117.1,0.1792,0.607,253.05,225.495,3.5825,78.705,12146
MXene,mixed,,1.6347422051907494,16.310000000000002,,160.1,71.0,1.4075,117.1,0.1792,0.607,253.05,222.0,3.5825,78.705,12146
MXene,mixed,KNO3,1.6347422051907494,16.310000000000002,,160.1,71.0,1.4075,117.1,0.1792,0.607,253.05,117.0,3.5825,78.705,55274
MXene,mixed,,1.6347422051907494,16.310000000000002,,160.1,71.0,1.4075,117.1,0.1792,0.607,253.05,685.5,3.5825,78.705,12146
MXene,mixed,,1.6347422051907494,16.310000000000002,,160.1,71.0,1.4075,117.1,0.1792,0.607,253.05,250.79999999999998,3.5825,78.705,12146
Ti3C2Tx,mixed,1 M H2SO4,1.6347422051907494,16.310000000000002,,400.0,71.0,1.4075,117.1,0.1792,0.607,253.05,742.5,3.5825,78.705,66271
MXene,mixed,,1.6347422051907494,16.310000000000002,,160.1,71.0,1.4075,117.1,0.1792,0.607,253.05,712.5,3.5825,78.705,12146
Ti3C2Tx,mixed,1 M H2SO4,1.6347422051907494,16.310000000000002,HF etching,160.1,71.0,1.4075,117.1,0.1792,0.607,253.05,51.0,3.5825,78.705,12146
N-Ti3C2Tx,mixed,1 M H2SO4,1.6347422051907494,16.310000000000002,HF etching and ammonia annealing,200.0,71.0,1.4075,117.1,0.1792,0.607,253.05,288.0,3.5825,78.705,26761
N-Ti3C2Tx,mixed,1 M H2SO4,1.6347422051907494,16.310000000000002,HF etching and ammonia annealing,200.0,71.0,1.4075,117.1,0.1792,0.607,253.05,192.0,3.5825,78.705,12146
N-Ti3C2Tx,mixed,1 M H2SO4,1.6347422051907494,16.310000000000002,HF etching and ammonia annealing,300.0,71.0,1.4075,117.1,0.1792,0.607,253.05,67.5,3.5825,78.705,12146
N-Ti3C2Tx,mixed,1 M H2SO4,1.6347422051907494,16.310000000000002,HF etching and ammonia annealing,500.0,71.0,1.4075,117.1,0.1792,0.607,253.05,30.0,3.5825,78.705,12146
N-Ti3C2Tx,mixed,1 M H2SO4,1.6347422051907494,16.310000000000002,HF etching and ammonia annealing,700.0,71.0,1.4075,117.1,0.1792,0.607,253.05,15.0,3.5825,78.705,12146
Ti3C2Tx,mixed,1 M MgSO4,1.6347422051907494,16.310000000000002,HF etching,160.1,71.0,1.4075,117.1,0.1792,0.607,253.05,78.0,3.5825,78.705,12146
N-Ti3C2Tx,mixed,1 M MgSO4,1.6347422051907494,16.310000000000002,HF etching and ammonia annealing,200.0,71.0,1.4075,117.1,0.1792,0.607,253.05,123.0,3.5825,78.705,12146
N-Ti3C2Tx,mixed,1 M MgSO4,1.6347422051907494,16.310000000000002,HF etching and ammonia annealing,300.0,71.0,1.4075,117.1,0.1792,0.607,253.05,96.0,3.5825,78.705,12146
N-Ti3C2Tx,mixed,1 M MgSO4,1.6347422051907494,16.310000000000002,HF etching and ammonia annealing,500.0,71.0,1.4075,117.1,0.1792,0.607,253.05,15.0,3.5825,78.705,12146
N-Ti3C2Tx,mixed,1 M MgSO4,1.6347422051907494,16.310000000000002,HF etching and ammonia annealing,700.0,71.0,1.4075,117.1,0.1792,0.607,253.05,19.5,3.5825,78.705,12146
Ti3C2Tx,mixed,1 M H2SO4,1.6347422051907494,16.310000000000002,Electrospinning and carbonization,160.1,71.0,1.4075,117.1,0.1792,0.607,253.05,205.0,3.5825,78.705,12146
Ti3C2Tx,mixed,1 M H2SO4,1.6347422051907494,16.310000000000002,Electrospinning and carbonization,800.0,71.0,1.4075,117.1,0.1792,0.607,253.05,239.0,3.5825,78.705,12146
Ti3C2Tx,mixed,1 M H2SO4,1.6347422051907494,16.310000000000002,Electrospinning and carbonization,160.1,71.0,1.4075,117.1,0.1792,0.607,253.05,244.0,3.5825,78.705,12146
ZnO QDs/Ti3C2Tx,mixed,1.5 M Na2SO4,1.6347422051907494,16.310000000000002,electrostatic self-assembly,160.1,71.0,1.4075,252.991,0.1792,0.607,253.05,457.5,3.5825,78.705,34196
Ti3C2Tx,mixed,1.5 M Na2SO4,1.6347422051907494,16.310000000000002,LiF and HCl etching,160.1,71.0,1.4075,42.73,0.1792,0.607,253.05,188.805,3.5825,78.705,12146
ZnO QDs/Ti3C2Tx,mixed,1 M H2SO4,1.6347422051907494,16.310000000000002,electrostatic self-assembly,160.1,71.0,1.4075,117.1,0.1792,0.607,253.05,891.0,3.5825,78.705,12146
ZnO QDs/Ti3C2Tx,mixed,PVA-Na2SO4 gel,1.6347422051907494,16.310000000000002,electrostatic self-assembly,160.1,71.0,1.4075,117.1,0.1792,0.607,253.05,61.5,3.5825,78.705,16443
ZnO QDs/Ti3C2Tx (Zn1M3),mixed,1.5 M Na2SO4,1.6347422051907494,16.310000000000002,electrostatic self-assembly,160.1,71.0,1.4075,117.1,0.1792,0.607,253.05,525.0,3.5825,78.705,12146
ZnO QDs/Ti3C2Tx (Zn2M3),mixed,1.5 M Na2SO4,1.6347422051907494,16.310000000000002,electrostatic self-assembly,160.1,71.0,1.4075,117.1,0.1792,0.607,253.05,405.0,3.5825,78.705,12146
ZnO QDs/Ti3C2Tx (Zn3M3),mixed,1.5 M Na2SO4,1.6347422051907494,16.310000000000002,electrostatic self-assembly,160.1,71.0,1.4075,117.1,0.1792,0.607,253.05,264.0,3.5825,78.705,12146
MgV2O6,mixed,2M KOH,1.6347422051907494,16.310000000000002,hydrothermal,600.0,71.0,1.4075,16.65,0.1792,0.607,253.05,736.5,3.5825,78.705,21638
MgV2O6/Ti3C2,mixed,2M KOH,1.6347422051907494,16.310000000000002,hydrothermal followed by sonication,600.0,71.0,1.4075,22.13,0.1792,0.607,253.05,1182.0,3.5825,78.705,29077
MgV2O6/Ti3C2//AC,mixed,2M KOH,1.6347422051907494,16.310000000000002,aqueous hybrid supercapacitor assembly,160.1,71.0,1.4075,117.1,0.1792,0.607,253.05,200.10000000000002,3.5825,78.705,15374
NiFe-LDH/MXene,mixed,1M KOH,1.6347422051907494,16.310000000000002,,160.1,71.0,1.4075,117.1,0.1792,0.607,253.05,815.115,3.5825,78.705,1916
MoO3/MXene,mixed,2M KOH,1.6347422051907494,16.310000000000002,,160.1,71.0,1.4075,117.1,0.1792,0.607,253.05,842.46,3.5825,78.705,4005
Ti3C2Tx/GNPs (20 wt%),mixed,1 M H2SO4,1.6347422051907494,16.310000000000002,Mixed-acid method,160.1,71.0,1.4075,14.25,0.1792,0.607,253.05,339.9,3.5825,78.705,6487
Ti3C2Tx/GNPs (20 wt%),mixed,1 M H2SO4,1.6347422051907494,16.310000000000002,Mixed-acid method,160.1,71.0,1.4075,14.25,0.1792,0.607,253.05,216.60000000000002,3.5825,78.705,12146
Ti3C2Tx,mixed,KOH,1.6347422051907494,16.310000000000002,HF etching,160.1,71.0,1.4075,117.1,0.1792,0.607,253.05,138.0,3.5825,78.705,12146
Ti3C2Tx,mixed,Na2SO4,1.6347422051907494,16.310000000000002,HF etching,160.1,71.0,1.4075,117.1,0.1792,0.607,253.05,112.5,3.5825,78.705,12146
Ti3C2Tx,mixed,KOH,1.6347422051907494,16.310000000000002,HF etching,160.1,71.0,1.4075,117.1,0.1792,0.607,253.05,76.5,3.5825,78.705,12146
Ti3C2Tx,mixed,NaCl,1.6347422051907494,16.310000000000002,HF etching,160.1,71.0,1.4075,117.1,0.1792,0.607,253.05,100.5,3.5825,78.705,12146
Ti3C2Tx,mixed,Li2SO4,1.6347422051907494,16.310000000000002,HF etching,160.1,71.0,1.4075,117.1,0.1792,0.607,253.05,270.0,3.5825,78.705,12146
Ti3C2Tx,mixed,K2SO4,1.6347422051907494,16.310000000000002,HF etching,160.1,71.0,1.4075,117.1,0.1792,0.607,253.05,109.5,3.5825,78.705,12146
Ti3C2Tx/SCNT,mixed,,1.6347422051907494,16.310000000000002,self-assembled,160.1,71.0,1.4075,117.1,0.1792,0.607,253.05,610.0,3.5825,78.705,12146
rGO/Ti3C2,mixed,,1.6347422051907494,16.310000000000002,,160.1,71.0,1.4075,117.1,0.1792,0.607,253.05,171.4,3.5825,78.705,12146
Ti3C2Tx/CNT (BMX yarn),mixed,,1.6347422051907494,16.310000000000002,biscrolling,160.1,71.0,1.4075,117.1,0.1792,0.607,253.05,798.0,3.5825,78.705,100000
Nitrogen-doped Nb2CTx/rGO,mixed,H2SO4,1.6347422051907494,16.310000000000002,supercritical fluid method,160.1,71.0,1.4075,117.1,0.1792,0.607,253.05,1224.0,3.5825,78.705,12146
Ti3C2/MnO2,mixed,,1.6347422051907494,16.310000000000002,,160.1,71.0,1.4075,117.1,0.1792,0.607,253.05,377.0,3.5825,78.705,12146
Ti3C2Tx MXene/NiCo2O4 nanosphere,mixed,,1.6347422051907494,16.310000000000002,,160.1,71.0,1.4075,117.1,0.1792,0.607,253.05,1537.5,3.5825,78.705,5692
d-Ti3C2/NF,mixed,KOH,1.6347422051907494,16.310000000000002,electrostatic self-assembly,160.1,71.0,1.4075,117.1,0.1792,0.607,253.05,981.0,3.5825,78.705,5173
borophene/Ti3C2Tx,mixed,,1.6347422051907494,16.310000000000002,electrophoretic deposition,160.1,71.0,1.4075,117.1,0.1792,0.607,253.05,940.0500000000001,3.5825,78.705,12146
carbon dot/carboxylated CNT/Ti3C2Tx MXene,mixed,,1.6347422051907494,16.310000000000002,,160.1,71.0,1.4075,117.1,0.1792,0.607,253.05,1162.6,3.5825,78.705,100000
Mo2Ti2C3Tx,mixed,H2SO4,1.6347422051907494,16.310000000000002,hydrothermal approach,160.1,71.0,1.4075,117.1,0.1792,0.607,253.05,162.75,3.5825,78.705,12146
MXene/graphene nanoplatelets,mixed,,1.6347422051907494,16.310000000000002,,160.1,71.0,1.4075,117.1,0.1792,0.607,253.05,339.9,3.5825,78.705,6487
Ti3C2Tx,mixed,NaCl-PVA,1.6347422051907494,16.310000000000002,vacuum filtration,160.1,71.0,1.4075,117.1,0.1792,0.607,253.05,168.0,3.5825,78.705,21751
MXene/GNP composite,mixed,,1.6347422051907494,16.310000000000002,,160.1,71.0,1.4075,117.1,0.1792,0.607,253.05,339.9,3.5825,78.705,12146
MXene-N,mixed,1 M H2SO4,1.6347422051907494,16.310000000000002,LiF-HCl etching followed by liquid ammonia and lithium metal treatment,160.1,71.0,1.4075,117.1,0.1792,0.607,253.05,849.0,3.5825,78.705,12146
MXene-N,mixed,1 M H2SO4,1.6347422051907494,16.310000000000002,LiF-HCl etching followed by liquid ammonia and lithium metal treatment,160.1,71.0,1.4075,117.1,0.1792,0.607,253.05,882.0,3.5825,78.705,12146
MXene-N,mixed,1 M H2SO4,1.6347422051907494,16.310000000000002,LiF-HCl etching followed by liquid ammonia and lithium metal treatment,160.1,71.0,1.4075,117.1,0.1792,0.607,253.05,822.0,3.5825,78.705,12146
MXene-N,mixed,1 M H2SO4,1.6347422051907494,16.310000000000002,LiF-HCl etching followed by liquid ammonia and lithium metal treatment,160.1,71.0,1.4075,117.1,0.1792,0.607,253.05,787.5,3.5825,78.705,12146
MXene-N,mixed,1 M H2SO4,1.6347422051907494,16.310000000000002,LiF-HCl etching followed by liquid ammonia and lithium metal treatment,160.1,71.0,1.4075,117.1,0.1792,0.607,253.05,724.5,3.5825,78.705,12146
MXene-N,mixed,1 M H2SO4,1.6347422051907494,16.310000000000002,LiF-HCl etching followed by liquid ammonia and lithium metal treatment,160.1,71.0,1.4075,117.1,0.1792,0.607,253.05,558.0,3.5825,78.705,19148
Ti3C2Tx MXene,mixed,1 M H2SO4,1.6347422051907494,16.310000000000002,LiF-HCl method,160.1,71.0,1.4075,117.1,0.1792,0.607,253.05,421.5,3.5825,78.705,12146
V2C,mixed,1 M H2SO4,1.6347422051907494,16.310000000000002,,160.1,71.0,1.4075,117.1,0.1792,0.607,253.05,730.5,3.5825,78.705,12146
V2C,mixed,1 M MgSO4,1.6347422051907494,16.310000000000002,,160.1,71.0,1.4075,117.1,0.1792,0.607,253.05,337.5,3.5825,78.705,12146
V2C,mixed,1 M KOH,1.6347422051907494,16.310000000000002,,160.1,71.0,1.4075,117.1,0.1792,0.607,253.05,276.0,3.5825,78.705,12146
Ti2NTX,mixed,MgSO4 aqueous,1.6347422051907494,16.310000000000002,,160.1,71.0,1.4075,117.1,0.1792,0.607,253.05,1.35,3.5825,78.705,12146
Ti3C2Tx (nanoparticle and nanosheet mixture),mixed,,1.6347422051907494,16.310000000000002,HF etching and HCl + LiF etching,160.1,71.0,1.4075,20.5,0.1792,0.607,253.05,558.0,3.5825,78.705,21751
Ti3C2Tx macroporous,mixed,1 M H2SO4,1.6347422051907494,16.310000000000002,PMMA microspheres templating,160.1,71.0,1.4075,117.1,0.1792,0.607,253.05,465.0,3.5825,78.705,12146
rGo/Ti3C2,mixed,,1.6347422051907494,16.310000000000002,,160.1,71.0,1.4075,117.1,0.1792,0.607,253.05,292.5,3.5825,78.705,100000
rGO/Ti3C2,mixed,,1.6347422051907494,16.310000000000002,,160.1,71.0,1.4075,117.1,0.1792,0.607,253.05,381.0,3.5825,78.705,12146
Co(OH)2/Ti3C2Tx,mixed,,1.6347422051907494,16.310000000000002,,160.1,71.0,1.4075,117.1,0.1792,0.607,253.05,229.5,3.5825,78.705,22202
Ti3C2/Ni-Co-Al-layered double hydroxide,mixed,KOH-PVA gel,1.6347422051907494,16.310000000000002,Liquid-phase cofeeding,160.1,71.0,1.4075,117.1,0.1792,0.607,253.05,1122.3000000000002,3.5825,78.705,12146
Ti3C2Tx/ZnMnNi LDH,mixed,,1.6347422051907494,16.310000000000002,,160.1,71.0,1.4075,117.1,0.1792,0.607,253.05,3097.5,3.5825,78.705,100000
MXene/Fe3O4/MXene sandwich,mixed,1 M Li2SO4 aqueous,1.6347422051907494,16.310000000000002,Laser crystallization,160.1,71.0,1.4075,117.1,0.1792,0.607,253.05,46.4,3.5825,78.705,12146
MnO2 nanorods/MXene/carbon cloth,mixed,PVA and potassium hydroxide gel,1.6347422051907494,16.310000000000002,,160.1,71.0,1.4075,117.1,0.1792,0.607,253.05,766.8,3.5825,78.705,12146
CoFe2O4 nanorod/Ti3C2Tx,mixed,LiCl,1.6347422051907494,16.310000000000002,,160.1,71.0,1.4075,117.1,0.1792,0.607,253.05,356.4,3.5825,78.705,17771
PPy/MXene on polyester fabric,mixed,,1.6347422051907494,16.310000000000002,Self-assembly,160.1,71.0,1.4075,117.1,0.1792,0.607,253.05,1295.0,3.5825,78.705,12146
Ti3C2/polyaniline nanotubes,mixed,,1.6347422051907494,16.310000000000002,,160.1,71.0,1.4075,117.1,0.1792,0.607,253.05,894.9000000000001,3.5825,78.705,20488
TiO2/TiN/Ti3C2Tx,mixed,,1.6347422051907494,16.310000000000002,Hydrothermal method,160.1,71.0,1.4075,117.1,0.1792,0.607,253.05,541.5,3.5825,78.705,12146
Sodium ascorbate-caped Ti3C2Tx,mixed,,1.6347422051907494,16.310000000000002,Ligand capping,160.1,71.0,1.4075,117.1,0.1792,0.607,253.05,108.1,3.5825,78.705,12146
Ti3C2Tx,mixed,,1.6347422051907494,16.310000000000002,Laser writing,160.1,71.0,1.4075,117.1,0.1792,0.607,253.05,15.03,3.5825,78.705,12146
Ti3C2Tx,mixed,1 M H2SO4,1.6347422051907494,16.310000000000002,HF etching,80.0,71.0,1.4075,3.85,0.1792,0.607,253.05,109.5,3.5825,78.705,15899
ZnO-decorated Ti3C2Tx,mixed,1 M H2SO4,1.6347422051907494,16.310000000000002,Hydrothermal,180.0,71.0,1.4075,6.49,0.1792,0.607,253.05,210.0,3.5825,78.705,94287
ZnO-decorated Ti3C2Tx,mixed,1 M H2SO4,1.6347422051907494,16.310000000000002,Hydrothermal,180.0,71.0,1.4075,6.49,0.1792,0.607,253.05,48.0,3.5825,78.705,3786
Ta4C3,mixed,0.1 M H2SO4,1.6347422051907494,16.310000000000002,HF etching,160.1,71.0,1.4075,6.599,0.1792,0.607,253.05,721.5,3.5825,78.705,3829
Ta4C3,mixed,0.1 M H2SO4,1.6347422051907494,16.310000000000002,HF etching,160.1,71.0,1.4075,6.599,0.1792,0.607,253.05,180.0,3.5825,78.705,12146
Ti3C2,mixed,1 M LiOH,1.6347422051907494,16.310000000000002,microwave-assisted and sequential spin coating,160.1,71.0,1.4075,117.1,0.1792,0.607,253.05,3405.0,3.5825,78.705,12146
Ti3C2,mixed,1 M LiOH,1.6347422051907494,16.310000000000002,microwave-assisted and sequential spin coating,160.1,71.0,1.4075,117.1,0.1792,0.607,253.05,1114.5,3.5825,78.705,12146
Ti3C2,mixed,1 M LiOH,1.6347422051907494,16.310000000000002,microwave-assisted and sequential spin coating,160.1,71.0,1.4075,117.1,0.1792,0.607,253.05,420.0,3.5825,78.705,5945
Ti3C2Tx,mixed,,1.6347422051907494,16.310000000000002,spray coating,160.1,71.0,1.4075,117.1,0.1792,0.607,253.05,27.0,3.5825,78.705,100000
MXene,mixed,,1.6347422051907494,16.310000000000002,vacuum-assisted filtration and laser engraving,160.1,71.0,1.4075,117.1,0.1792,0.607,253.05,27.29,3.5825,78.705,12146
MXene/graphene hybrid,mixed,,1.6347422051907494,16.310000000000002,wet spinning,160.1,71.0,1.4075,117.1,0.1792,0.607,253.05,372.2,3.5825,78.705,12146
Ti3C2,mixed,,1.6347422051907494,16.310000000000002,dip-coating and mechanical etching,160.1,71.0,1.4075,117.1,0.1792,0.607,253.05,0.283,3.5825,78.705,12146
MXene,mixed,,1.6347422051907494,16.310000000000002,freeze-drying,160.1,71.0,1.4075,117.1,0.1792,0.607,253.05,2100.0,3.5825,78.705,21179
MXene/EP,mixed,,1.6347422051907494,16.310000000000002,electropolymerization,160.1,71.0,1.4075,117.1,0.1792,0.607,253.05,69.5,3.5825,78.705,12146
MXene,mixed,,1.6347422051907494,16.310000000000002,screen printing,160.1,71.0,1.4075,117.1,0.1792,0.607,253.05,1100.0,3.5825,78.705,12146
MXene/CNT,mixed,,1.6347422051907494,16.310000000000002,FIB technique,160.1,71.0,1.4075,117.1,0.1792,0.607,253.05,317.0,3.5825,78.705,12146
MXene-10,mixed,,1.6347422051907494,16.310000000000002,vacuum filtration,160.1,71.0,1.4075,117.1,0.1792,0.607,253.05,558.0,3.5825,78.705,21751
MXene/BC composite,mixed,,1.6347422051907494,16.310000000000002,laser engraving,160.1,71.0,1.4075,117.1,0.1792,0.607,253.05,111.5,3.5825,78.705,12146
MXene/SiC heterostructure,mixed,,1.6347422051907494,16.310000000000002,ionization bombardment,160.1,71.0,1.4075,117.1,0.1792,0.607,253.05,97.8,3.5825,78.705,21179
MXene/MPF composite,mixed,,1.6347422051907494,16.310000000000002,,160.1,71.0,1.4075,117.1,0.1792,0.607,253.05,489.15000000000003,3.5825,78.705,12146
MXene/CNF/PC composite,mixed,,1.6347422051907494,16.310000000000002,,160.1,71.0,1.4075,117.1,0.1792,0.607,253.05,143.0,3.5825,78.705,12146
MXene/BC@PPy,mixed,,1.6347422051907494,16.310000000000002,,160.1,71.0,1.4075,117.1,0.1792,0.607,253.05,388.0,3.5825,78.705,100000
MXene and V2O5,mixed,PAM hydrogel,1.6347422051907494,16.310000000000002,electrodeposition,160.1,71.0,1.4075,117.1,0.1792,0.607,253.05,129.0,3.5825,78.705,8537
MXene (crumpled),mixed,,1.6347422051907494,16.310000000000002,,160.1,71.0,1.4075,117.1,0.1792,0.607,253.05,185.0,3.5825,78.705,12146
MXene,mixed,,1.6347422051907494,16.310000000000002,3D printing,160.1,71.0,1.4075,117.1,0.1792,0.607,253.05,2337.0,3.5825,78.705,31210
MXene/CNT,mixed,,1.6347422051907494,16.310000000000002,directional freeze drying,160.1,71.0,1.4075,117.1,0.1792,0.607,253.05,631.5,3.5825,78.705,12146
MXene/graphene,mixed,,1.6347422051907494,16.310000000000002,self-assembly with Zn template,160.1,71.0,1.4075,117.1,0.1792,0.607,253.05,589.5,3.5825,78.705,12146
Ni-MOF/MXene,mixed,,1.6347422051907494,16.310000000000002,folic acid-assisted solvothermal,160.1,71.0,1.4075,117.1,0.1792,0.607,253.05,114.285,3.5825,78.705,12146
MXene/ZIF-67/CoV2O6,mixed,,1.6347422051907494,16.310000000000002,in-situ growth/ion-exchange,160.1,71.0,1.4075,117.1,0.1792,0.607,253.05,428.25,3.5825,78.705,12146
MXene/NiCo ZIF-67,mixed,,1.6347422051907494,16.310000000000002,alkali treatment,160.1,71.0,1.4075,117.1,0.1792,0.607,253.05,1315.5,3.5825,78.705,96529
MXene/FeNi LDH,mixed,,1.6347422051907494,16.310000000000002,hydrothermal,160.1,71.0,1.4075,117.1,0.1792,0.607,253.05,429.78999999999996,3.5825,78.705,17455
MXene/trimetallic LDH,mixed,,1.6347422051907494,16.310000000000002,electrostatic self-assembly,160.1,71.0,1.4075,117.1,0.1792,0.607,253.05,1359.0,3.5825,78.705,12146
ternary LDH-MXene,mixed,,1.6347422051907494,16.310000000000002,,160.1,71.0,1.4075,117.1,0.1792,0.607,253.05,1654.3500000000001,3.5825,78.705,12146
MXene-COF,mixed,,1.6347422051907494,16.310000000000002,microfluid-assisted,160.1,71.0,1.4075,117.1,0.1792,0.607,253.05,1180.5,3.5825,78.705,12146
COF/MXene,mixed,,1.6347422051907494,16.310000000000002,cation-driven self-assembly,160.1,71.0,1.4075,117.1,0.1792,0.607,253.05,585.0,3.5825,78.705,12146
COF-MXene heterostructure,mixed,,1.6347422051907494,16.310000000000002,,160.1,71.0,1.4075,117.1,0.1792,0.607,253.05,435.0,3.5825,78.705,12146
MXene/PEDOT:PSS,mixed,PVA-H3PO4 gel,1.6347422051907494,16.310000000000002,spin coating,160.1,71.0,1.4075,117.1,0.1792,0.607,253.05,3.1,3.5825,78.705,12146
MXene/PEDOT:PSS (tartaric acid),mixed,,1.6347422051907494,16.310000000000002,spray coating,160.1,71.0,1.4075,117.1,0.1792,0.607,253.05,4.272,3.5825,78.705,12146
PANI-MXene,mixed,,1.6347422051907494,16.310000000000002,self-assembly,160.1,71.0,1.4075,117.1,0.1792,0.607,253.05,968.5500000000001,3.5825,78.705,100000
PVA/BC/MXene composite,mixed,,1.6347422051907494,16.310000000000002,direction freeze drying,160.1,71.0,1.4075,117.1,0.1792,0.607,253.05,3948.0,3.5825,78.705,100000
MXene-NiCo LDH,mixed,,1.6347422051907494,16.310000000000002,electrostatic layer-by-layer assembly,160.1,71.0,1.4075,117.1,0.1792,0.607,253.05,136900.0,3.5825,78.705,12146
MXene/bentonite,mixed,,1.6347422051907494,16.310000000000002,,160.1,71.0,1.4075,117.1,0.1792,0.607,253.05,22.8,3.5825,78.705,12146
MXene,mixed,PU-encapsulated,1.6347422051907494,16.310000000000002,spray coating and laser engraving,160.1,71.0,1.4075,117.1,0.1792,0.607,253.05,73.6,3.5825,78.705,8355
MXene/SA/PVA,mixed,NaCl,1.6347422051907494,16.310000000000002,,160.1,71.0,1.4075,117.1,0.1792,0.607,253.05,130.8,3.5825,78.705,12146
Ti3C2Tx,mixed,PVA-H2SO4 gel,1.6347422051907494,16.310000000000002,thermal inkjet printing,160.1,71.0,1.4075,117.1,0.1792,0.607,253.05,294.0,3.5825,78.705,100000
Ti3C2Tx,mixed,,1.6347422051907494,16.310000000000002,stamping,160.1,71.0,1.4075,117.1,0.1792,0.607,253.05,57.0,3.5825,78.705,34291
Ti3C2Tx (HF-etched),mixed,1M H2SO4,1.6347422051907494,16.310000000000002,Meyer rod coating and laser scribing,160.1,71.0,1.4075,117.1,0.1792,0.607,253.05,6.2,3.5825,78.705,12146
Ti3C2Tx (clay-type),mixed,1M H2SO4,1.6347422051907494,16.310000000000002,Meyer rod coating and laser scribing,160.1,71.0,1.4075,117.1,0.1792,0.607,253.05,25.0,3.5825,78.705,12146
MXene/BP composite,mixed,PVA-H2SO4 gel,1.6347422051907494,16.310000000000002,self-assembly and laser engraving,160.1,71.0,1.4075,117.1,0.1792,0.607,253.05,672.645,3.5825,78.705,25883
N-doped MXene,mixed,PVA-H2SO4 gel,1.6347422051907494,16.310000000000002,extrusion printing,160.1,71.0,1.4075,117.1,0.1792,0.607,253.05,70.1,3.5825,78.705,18733
s-DWCNT/MXene,mixed,PVA-H2SO4 gel,1.6347422051907494,16.310000000000002,FIB technique,160.1,71.0,1.4075,117.1,0.1792,0.607,253.05,317.0,3.5825,78.705,12146
EG:MXene composite,mixed,PVA/H3PO4 gel,1.6347422051907494,16.310000000000002,spray coating,160.1,71.0,1.4075,117.1,0.1792,0.607,253.05,3.26,3.5825,78.705,2811
MXene,mixed,Water in LiBr,1.6347422051907494,16.310000000000002,3D printing,160.1,71.0,1.4075,117.1,0.1792,0.607,253.05,4000.0,3.5825,78.705,54662
Ti2VC2,mixed,1M H2SO4,1.6347422051907494,16.310000000000002,ultrasound-assisted,160.1,71.0,1.4075,117.1,0.1792,0.607,253.05,777.0,3.5825,78.705,61496
Surface functionalized MXene (MXene-C),mixed,,1.6347422051907494,16.310000000000002,3D printing,160.1,71.0,1.4075,117.1,0.1792,0.607,253.05,68.0,3.5825,78.705,73259
V2NTx,mixed,3.5 M KOH,1.6347422051907494,16.310000000000002,Selective etching of Al from V2AlN using LiF-HCl followed by DMSO delamination,160.1,71.0,1.4075,117.1,0.1792,0.607,253.05,169.2,3.5825,78.705,54662
V2NTx,mixed,3.5 M KOH,1.6347422051907494,16.310000000000002,Selective etching of Al from V2AlN using LiF-HCl followed by DMSO delamination,160.1,71.0,1.4075,117.1,0.1792,0.607,253.05,37.95,3.5825,78.705,12146
Ti3C2Tx,F,PVA_KOH,0.7354433697191238,25.9,spin_coating,209.4,97.5,,86.7,0.2325,0.588,,503.56,3.213,74.37,17146
Mo2CTx,F,PVA_KOH,2.4459587426844047,29.15,spray_coating,,,0.853,,0.2658,0.512,,417.36,4.172,71.38,13487
V2CTx,F,KOH,2.2506627550056226,13.68,drop_casting,,,1.766,71.9,0.0661,,,425.77,2.249,75.58,9616
Ti2CTx,F,ionic_liquid,,5.05,spin_coating,160.1,74.3,1.562,120.7,,,108.1,317.27,3.285,85.06,13300
Ti3CNTx,mixed,NaOH,2.459745522766034,20.2,spray_coating,149.1,100.5,,,,0.6,,525.59,3.366,77.2,12418
Mo2CTx,O,ionic_liquid,0.7191247982902524,19.28,spray_coating,,,1.89,67.9,0.277,0.592,,384.63,4.27,85.24,10305
Ti3CNTx,mixed,NaOH,2.3962988245880252,6.13,spin_coating,153.5,80.9,1.58,,0.0337,,,414.22,2.714,84.42,10617
V2CTx,mixed,organic,0.5570096775742437,11.06,spin_coating,162.0,97.2,,108.3,0.2087,,,421.77,2.553,80.09,11305
V2CTx,O,PVA_KOH,0.7714393528386089,5.07,inkjet,127.8,84.2,1.722,,0.096,,186.1,357.0,3.506,86.51,19178
Nb2CTx,F,NaOH,0.9115195439550454,8.42,spin_coating,,,1.991,154.7,0.3148,0.505,331.2,353.22,4.34,93.23,10219
Ti3C2Tx,mixed,organic,0.883210791561235,4.56,spray_coating,,,1.849,,,0.932,72.8,371.37,3.009,91.08,10772
Ta4C3Tx,OH,H2SO4,0.9994391291501441,21.13,spin_coating,201.6,92.6,,,0.1512,,331.8,475.21,4.046,72.33,7833
Nb2CTx,O,EMIMBF4,,4.07,drop_casting,244.3,77.6,1.765,161.3,,,398.6,234.26,5.051,82.96,14000
Ti3C2Tx,mixed,NaOH,1.6347422051907494,19.91,spin_coating,,,,167.0,,,73.9,650.23,3.212,73.33,10932
Nb2CTx,O,KOH,,5.45,spray_coating,,,,,,0.742,,287.15,1.755,86.18,9134
Ti2CTx,OH,H2SO4,,7.87,vacuum_filtration,150.8,20.2,1.429,,0.0371,0.364,451.4,339.61,3.917,83.58,8100
Nb2CTx,F,PVA_KOH,2.6439303603063937,16.55,vacuum_filtration,145.5,82.2,,,0.1576,,,379.74,2.894,77.49,15070
Mo2CTx,mixed,NaOH,1.320903012511722,27.57,inkjet,224.3,83.5,1.439,71.9,0.0868,0.859,,453.38,3.929,74.85,12508
Ti2CTx,F,organic,1.9842050111658853,28.81,vacuum_filtration,215.2,114.3,,37.1,0.0765,0.672,261.8,380.81,5.246,73.3,8652
Ti3C2Tx,mixed,organic,,4.4,vacuum_filtration,151.2,96.3,1.2,157.3,,,,451.01,2.351,87.92,10039
Ti3CNTx,O,ionic_liquid,2.4507537347734805,17.04,drop_casting,144.0,118.6,1.941,,0.2302,,343.4,521.46,6.727,74.11,12704
Ta4C3Tx,OH,ionic_liquid,2.45323508857879,9.76,spin_coating,,,1.855,,0.0551,0.733,46.1,343.99,4.054,83.5,12719
Ti3CNTx,mixed,PVA_KOH,0.5904067762367405,27.41,vacuum_filtration,,,,164.3,,0.337,464.0,601.29,6.614,72.8,14875
Ti3C2Tx,F,H2SO4,2.6278277494048377,22.61,spin_coating,,,1.032,,0.3435,0.335,22.1,504.92,2.147,77.71,6491
Ti3CNTx,OH,KOH,2.0910208552694423,14.3,inkjet,104.7,114.3,1.494,136.9,0.069,0.563,60.5,554.57,2.485,81.77,10332
Ti3CNTx,OH,EMIMBF4,1.044071316742405,12.94,drop_casting,133.9,18.8,1.369,,0.2067,0.721,158.8,446.74,5.179,74.17,14961
Ti2CTx,mixed,NaOH,2.802642993237979,22.36,spin_coating,168.4,99.0,1.805,40.9,,0.336,,486.51,3.239,79.15,8972
Ta4C3Tx,OH,H2SO4,0.8840322476515869,25.84,inkjet,100.3,53.3,1.995,76.0,0.2528,,6.4,597.49,2.787,77.94,7385
V2CTx,mixed,PVA_KOH,2.9758041608156813,17.12,inkjet,,,1.271,,0.1631,,,408.26,2.892,78.68,12181
Mo2CTx,O,NaOH,0.710288336392205,18.01,spin_coating,,,1.565,140.6,0.0392,,169.9,461.1,4.149,80.6,12442
V2CTx,OH,EMIMBF4,1.3514769889788107,18.03,inkjet,170.3,26.0,1.901,52.0,,,,464.05,4.551,79.95,12352
Ti2CTx,OH,H2SO4,2.9545148688563385,21.39,spray_coating,161.2,95.0,1.665,160.8,0.0577,0.586,327.4,624.65,3.598,80.24,9809
Ta4C3Tx,F,PVA_H2SO4,,4.59,spray_coating,163.2,118.5,1.974,162.9,,0.821,411.5,399.08,3.603,92.4,15108
Ta4C3Tx,mixed,PVA_H2SO4,2.348578671191275,23.44,drop_casting,88.3,39.6,1.83,,0.2435,,447.9,514.42,5.058,67.3,17899
Ti3CNTx,mixed,PVA_KOH,1.1870626268876676,18.12,spray_coating,111.9,23.9,1.661,199.8,,,,632.41,2.553,81.81,16441
Mo2CTx,OH,ionic_liquid,,11.6,vacuum_filtration,,,,134.2,,,376.2,341.13,5.462,79.64,10339
Ti2CTx,mixed,NaOH,1.9768619854094154,16.36,inkjet,130.9,40.3,0.987,71.0,0.2814,0.585,497.4,423.86,5.23,77.36,12591
V2CTx,OH,H2SO4,1.582431232169418,28.71,drop_casting,,,0.924,,,,258.5,578.13,3.984,61.81,6952
Ti3CNTx,mixed,H2SO4,1.4853144429452438,7.0,drop_casting,80.3,26.8,0.801,108.1,,,420.8,456.39,4.361,73.26,5742
Ta4C3Tx,OH,PVA_H2SO4,0.6214232246173952,10.59,spray_coating,201.0,30.8,,,0.0231,,,300.51,2.043,85.78,19708
Mo2CTx,F,EMIMBF4,2.0477977160674348,1.14,inkjet,,,1.827,,0.17,0.94,,177.65,3.143,94.48,13690
V2CTx,F,KOH,,10.21,spin_coating,,,0.823,,0.2537,0.506,297.3,360.89,3.516,79.6,10476
Ti3CNTx,O,EMIMBF4,,1.12,inkjet,179.4,28.3,1.856,131.9,,,148.1,419.22,2.985,90.85,16736
Mo2CTx,mixed,KOH,1.8838521002240287,8.36,inkjet,,,1.671,156.5,0.1584,0.308,260.6,352.59,2.979,88.35,9517
Mo2CTx,OH,PVA_H2SO4,,28.88,vacuum_filtration,,,1.895,,0.2621,0.546,371.1,351.0,5.81,78.56,12969
Ti3CNTx,F,organic,,24.14,inkjet,,,0.828,87.9,0.3129,,,612.18,3.742,71.48,11162
Nb2CTx,F,organic,1.4852674564827966,6.71,spin_coating,,,,81.1,0.1004,,440.6,251.12,4.988,80.08,9511
Ti3C2Tx,OH,ionic_liquid,2.898330869089021,2.31,spray_coating,164.2,26.6,,,0.3093,0.94,476.5,336.97,5.532,94.59,14176
V2CTx,mixed,H2SO4,0.9132783084182279,18.89,inkjet,,,,125.2,0.1177,,380.2,526.9,4.926,73.85,8730
Mo2CTx,F,organic,0.9487301808652187,8.67,vacuum_filtration,156.5,40.8,1.822,81.1,0.102,,,294.08,2.55,85.03,11270
Mo2CTx,OH,ionic_liquid,0.8293870822301687,16.56,spin_coating,,,1.378,49.4,0.0885,,,398.16,4.28,79.78,13765
Ti3C2Tx,mixed,ionic_liquid,,16.42,spin_coating,219.1,92.9,0.983,81.4,,,311.7,463.8,5.972,81.35,15185
Ti2CTx,OH,ionic_liquid,1.2022409649103878,1.07,drop_casting,,,0.955,,0.1497,0.507,231.1,220.12,3.472,86.78,13722
Ti2CTx,F,NaOH,0.6006343498498095,20.66,vacuum_filtration,231.7,93.7,1.438,74.4,0.1409,0.562,360.2,377.13,5.107,77.13,11418
V2CTx,F,NaOH,,13.76,spin_coating,,,1.587,23.6,,,430.5,355.76,4.47,82.52,9671
Ti3CNTx,OH,KOH,1.006306019810465,20.57,spray_coating,199.2,115.1,1.106,77.7,0.1519,0.315,437.7,616.89,4.357,79.24,12434
V2CTx,mixed,NaOH,1.335278167396889,15.2,spin_coating,,,1.909,196.1,0.2723,0.612,120.9,507.22,3.661,83.89,10533
V2CTx,OH,ionic_liquid,0.9192487991944525,24.67,spray_coating,,,1.757,44.9,0.0582,,97.1,496.54,6.064,85.63,12084
V2CTx,F,organic,1.176580380677151,5.0,vacuum_filtration,192.8,26.7,1.012,119.4,0.2464,0.945,258.7,412.04,3.771,89.39,13213
V2CTx,O,ionic_liquid,1.3833442376711695,2.49,spin_coating,221.5,101.2,1.186,164.3,0.3147,,49.0,334.46,3.369,85.81,15757
Mo2CTx,O,H2SO4,,23.46,spin_coating,219.9,32.6,,168.2,0.2903,,,536.03,2.572,74.01,7964
Ti2CTx,F,PVA_KOH,,11.67,spin_coating,,,0.943,,,,199.9,346.41,3.8,78.15,16256
Ta4C3Tx,O,ionic_liquid,0.9807516975878325,29.29,inkjet,,,1.147,122.0,0.2934,0.317,,480.8,4.257,69.49,11443
Mo2CTx,O,PVA_KOH,1.1767419037377675,17.28,inkjet,133.5,74.2,0.879,,,0.72,,417.69,3.502,78.93,16718
Ti2CTx,OH,H2SO4,,17.99,spray_coating,116.4,25.4,,51.7,,0.508,,449.8,2.836,78.3,8906
V2CTx,mixed,KOH,,27.96,inkjet,,,,42.0,0.2689,0.642,23.0,541.84,3.083,68.85,10671
Ta4C3Tx,mixed,PVA_KOH,1.7341801906766146,29.38,vacuum_filtration,144.7,56.7,0.954,54.8,,0.683,,511.89,4.156,67.64,16396
Ti3CNTx,F,organic,1.9198355760712313,10.55,spray_coating,192.0,73.2,1.215,37.0,,0.553,,398.55,2.62,82.27,10346
Ta4C3Tx,O,organic,,20.4,spin_coating,146.7,112.0,0.806,,0.2057,,426.2,392.28,5.781,75.55,11845
Ta4C3Tx,mixed,NaOH,1.1758544704983187,11.82,inkjet,,,1.396,193.8,0.3024,,439.2,369.45,5.206,84.41,9698
Nb2CTx,F,organic,1.544048231635114,13.32,drop_casting,,,1.805,,,0.316,232.4,315.65,3.66,77.99,9973
Ti3CNTx,O,EMIMBF4,1.0358160071374665,14.39,vacuum_filtration,,,,37.4,0.1536,0.933,,498.34,5.095,78.51,11755
Ti3C2Tx,OH,ionic_liquid,2.8967688149298354,16.5,vacuum_filtration,,,1.162,28.1,0.2964,,,557.42,4.381,77.69,12208
Ta4C3Tx,F,EMIMBF4,,13.91,spray_coating,132.8,34.9,,37.0,0.2536,0.934,471.7,385.7,6.557,83.96,15268
Ta4C3Tx,O,organic,1.6410096447546134,21.44,inkjet,,,1.27,,,0.59,306.5,420.18,5.042,67.38,12234
Ti3CNTx,OH,KOH,1.0909010884588615,28.15,spin_coating,,,,,,0.893,313.4,555.85,4.152,74.98,8118
Nb2CTx,O,organic,,3.63,spray_coating,240.8,54.7,1.449,,,0.737,115.1,225.22,3.001,86.65,10217
Ti3CNTx,F,H2SO4,1.5916687233470987,16.07,spin_coating,162.7,65.2,0.88,61.0,0.0368,0.605,238.3,503.81,3.589,76.73,7668
Ta4C3Tx,OH,ionic_liquid,1.3691840870897583,25.83,drop_casting,194.2,115.9,1.31,111.0,0.1717,,66.4,576.0,5.295,61.51,14607
Ti3CNTx,F,NaOH,,28.73,vacuum_filtration,,,,178.9,0.2537,,,494.41,3.846,70.46,9260
V2CTx,F,KOH,,21.45,spin_coating,213.0,93.5,1.338,63.3,,,196.6,352.49,3.433,78.98,11682
V2CTx,O,KOH,1.0899931565513816,9.79,spin_coating,238.1,67.3,1.841,130.4,0.3198,0.6,,417.11,1.526,89.56,12266
Ti2CTx,mixed,EMIMBF4,,25.26,spin_coating,,,1.817,177.1,0.1237,,,547.09,4.806,69.96,11746
Nb2CTx,O,NaOH,,6.66,vacuum_filtration,148.5,102.6,1.03,,0.1074,0.391,407.4,281.34,4.155,80.71,11723
Ti3C2Tx,mixed,ionic_liquid,2.429623358072888,8.34,spin_coating,,,1.056,,0.348,,,399.67,3.693,82.84,12813
V2CTx,O,PVA_H2SO4,,6.48,spray_coating,161.5,105.5,1.628,94.1,0.3247,,377.5,497.53,4.817,87.8,16603
V2CTx,O,ionic_liquid,2.506801513220914,24.09,spray_coating,,,,,,0.561,,420.65,4.979,70.86,13900
Ti3CNTx,OH,PVA_H2SO4,2.627492800130411,7.12,drop_casting,118.7,20.3,1.167,156.8,,0.91,221.2,503.1,3.461,75.6,18291
Mo2CTx,F,PVA_H2SO4,,4.42,spray_coating,165.9,76.2,1.744,64.4,0.2437,0.423,480.4,319.26,4.727,98.0,14972
V2CTx,F,PVA_H2SO4,,29.61,spin_coating,228.8,44.8,1.259,179.0,,0.519,329.6,475.68,5.272,62.77,15127
V2CTx,F,EMIMBF4,2.662750579776621,2.6,spin_coating,,,1.934,,0.105,0.785,108.7,280.49,3.396,98.0,10289
V2CTx,OH,H2SO4,2.3599868067374774,21.59,inkjet,160.9,62.2,1.042,166.1,,0.392,451.5,582.33,4.479,74.71,6757
Ti3C2Tx,O,H2SO4,0.685144208422684,3.07,vacuum_filtration,,,1.496,133.6,0.2307,0.763,173.7,417.3,2.459,85.24,7093
V2CTx,mixed,KOH,2.2151246737647505,25.42,spray_coating,93.2,95.3,1.06,183.8,,0.488,311.3,669.41,3.768,72.42,8588
Nb2CTx,F,PVA_H2SO4,1.5225878301143243,3.15,drop_casting,,,,153.7,,0.655,236.8,332.62,3.751,83.69,12575
Ta4C3Tx,F,EMIMBF4,,22.39,drop_casting,161.9,111.8,1.362,101.1,,,,469.11,4.809,68.43,11627
Nb2CTx,O,H2SO4,0.9184124991104482,5.47,spin_coating,135.5,82.4,1.712,,0.1851,0.852,112.7,337.45,2.308,90.16,7603
Ti3CNTx,O,organic,2.6499263592540148,16.28,inkjet,114.7,70.5,1.164,197.4,0.319,0.475,,610.16,3.149,79.42,11803
V2CTx,F,ionic_liquid,0.81806490472957,10.67,drop_casting,,,1.336,,0.2028,,,328.16,3.782,78.25,14048
Ti3C2Tx,mixed,H2SO4,0.888492798143189,1.63,spin_coating,155.6,61.5,,180.7,,,275.2,496.77,3.206,85.17,7454
Mo2CTx,mixed,EMIMBF4,1.6930822749394911,15.33,inkjet,,,,,,0.312,322.4,314.45,5.813,72.59,13846
Ti3C2Tx,mixed,H2SO4,,18.5,spin_coating,,,,94.5,,0.902,,595.88,2.302,76.91,6024
Ti2CTx,mixed,H2SO4,2.9267754029905326,29.14,drop_casting,93.3,104.2,1.538,122.9,,0.349,424.6,579.47,4.907,65.03,6510
Ti3C2Tx,O,PVA_H2SO4,,6.07,spray_coating,240.2,92.1,,88.1,0.0998,0.902,,388.39,1.849,85.41,13518
Nb2CTx,mixed,PVA_H2SO4,2.3844266991098895,3.07,spray_coating,,,1.815,171.7,0.3345,0.375,245.1,312.15,3.329,92.33,15873
Ti2CTx,OH,NaOH,1.8046910867221397,13.79,vacuum_filtration,,,,87.3,0.0559,,,412.39,2.876,77.11,10037
Ti3CNTx,O,EMIMBF4,1.3620781484970945,1.63,spin_coating,97.0,97.2,0.827,157.5,,0.711,490.5,378.7,5.031,88.16,13392
Ti3CNTx,O,NaOH,2.6066365542954903,1.47,inkjet,,,1.974,43.6,,0.473,46.3,372.43,2.43,91.01,9052
Ta4C3Tx,mixed,NaOH,1.198718433925474,25.93,spin_coating,146.3,70.7,1.024,25.6,,,91.5,462.8,4.131,72.62,12410
V2CTx,OH,PVA_H2SO4,1.9298765641030067,11.48,spin_coating,,,1.211,,0.0609,,66.2,432.24,2.871,75.02,13915
V2CTx,F,PVA_H2SO4,,10.9,inkjet,170.7,33.7,0.817,67.6,,,,425.53,2.669,76.51,17178
V2CTx,mixed,ionic_liquid,,10.51,spray_coating,,,,198.3,0.1864,0.504,382.6,476.74,5.67,86.59,13147
Nb2CTx,mixed,PVA_KOH,,27.95,spray_coating,210.9,24.8,0.841,163.9,0.3028,,,458.96,3.859,75.59,17661
Ta4C3Tx,mixed,ionic_liquid,,26.5,spin_coating,152.4,49.4,1.301,,0.0701,,207.3,524.82,6.122,77.02,14271
Ti2CTx,F,organic,0.9249463029894642,5.12,inkjet,179.3,42.7,0.938,149.8,,0.83,,333.88,2.293,86.61,10331
V2CTx,OH,organic,1.9690874366326077,6.39,inkjet,155.3,31.4,,102.0,0.1792,0.357,,346.24,2.208,83.11,10325
Nb2CTx,F,ionic_liquid,1.1332690017641094,6.51,spin_coating,91.4,19.1,1.207,36.9,0.267,0.389,,291.38,3.531,87.76,11547
Ti2CTx,F,NaOH,,12.19,spray_coating,,,1.266,116.1,0.145,0.928,455.0,380.39,5.312,81.32,10948
Ti2CTx,mixed,organic,0.8164094803099007,3.69,spin_coating,166.3,91.0,1.555,155.8,0.3068,,108.9,399.15,2.843,93.33,10012
Ta4C3Tx,F,NaOH,,6.93,drop_casting,209.9,36.0,,147.5,0.1215,,,284.65,2.236,80.96,13108
Ta4C3Tx,OH,organic,1.5903410566227634,14.68,drop_casting,,,1.317,181.7,0.046,,,463.54,3.108,76.92,9742
Ti3CNTx,F,ionic_liquid,,1.95,inkjet,93.6,42.6,1.051,,0.1843,0.545,70.2,303.08,3.434,90.21,16552
Ti2CTx,F,EMIMBF4,,5.94,vacuum_filtration,129.0,91.0,,170.4,,,,327.67,2.388,82.54,15612
Mo2CTx,mixed,PVA_KOH,0.8753238918731427,15.52,spin_coating,88.8,65.2,1.598,67.4,0.141,0.6,,422.37,2.935,75.11,15930
Ti3CNTx,O,PVA_KOH,2.619166169994933,4.88,drop_casting,,,,,,0.942,,415.41,2.486,86.02,14657
Ti3CNTx,F,NaOH,1.1440435570962393,18.26,vacuum_filtration,,,,127.4,0.2685,0.824,,492.97,3.196,80.99,11885
Ti2CTx,mixed,PVA_H2SO4,1.7177885497910543,13.09,inkjet,,,,32.1,0.0609,,49.4,378.19,2.293,80.84,13741
Ti3CNTx,OH,PVA_H2SO4,1.96544073817743,25.02,drop_casting,,,1.948,139.6,0.2695,0.404,,601.67,3.19,70.16,14204
Ti2CTx,mixed,ionic_liquid,2.3005400725066596,17.97,spin_coating,214.3,80.6,1.527,,,0.867,46.1,395.95,3.767,75.1,16941
V2CTx,mixed,EMIMBF4,2.6602708845383636,10.82,spin_coating,168.4,53.7,,,,,253.1,466.85,4.217,83.51,13123
Ti3CNTx,mixed,ionic_liquid,,24.28,drop_casting,243.0,57.2,,179.1,0.2022,,249.8,508.22,5.809,71.93,16419
Ti3CNTx,mixed,NaOH,1.8310382992821734,28.27,vacuum_filtration,158.6,59.1,,,,0.395,,534.47,3.41,66.89,13325
Ti3CNTx,mixed,NaOH,,27.45,drop_casting,233.4,102.1,1.544,144.3,,0.681,189.3,528.5,4.541,70.1,12670
Ti2CTx,mixed,NaOH,2.9248297076245215,16.3,spray_coating,,,1.153,109.9,0.3335,,13.5,433.14,3.353,82.71,11461
Nb2CTx,O,PVA_H2SO4,1.490163128196218,15.98,drop_casting,,,,199.2,,0.788,273.1,402.68,4.231,79.16,14615
V2CTx,OH,PVA_KOH,,6.64,vacuum_filtration,136.8,32.4,1.283,180.8,0.0611,,45.3,482.03,2.791,85.28,18093
Ti3CNTx,F,PVA_H2SO4,,22.85,spin_coating,,,1.079,83.2,0.2904,,136.3,426.43,4.393,78.63,17682
Ta4C3Tx,OH,organic,,28.83,inkjet,177.1,59.4,1.211,,,,444.0,484.53,6.177,65.37,10169
Nb2CTx,O,KOH,2.3999625287403816,6.75,inkjet,226.7,45.6,1.675,139.6,0.3477,,372.5,299.95,4.121,90.92,8858
Ti2CTx,mixed,H2SO4,1.4852102235381455,25.38,spray_coating,,,1.767,32.6,0.1742,0.591,,409.54,2.463,77.6,7781
Ti3CNTx,F,PVA_KOH,2.6341266725112504,10.9,drop_casting,,,1.142,63.0,0.1042,0.917,,414.51,2.957,81.83,14407
Ta4C3Tx,mixed,ionic_liquid,1.4696600627065513,20.97,inkjet,200.6,64.2,1.076,,0.3408,,,392.08,5.149,73.56,14912
Ti2CTx,OH,organic,2.518618441025387,17.14,vacuum_filtration,,,1.002,161.2,,,2.4,413.22,3.25,80.31,9442
Nb2CTx,mixed,ionic_liquid,1.9382373815712555,16.36,vacuum_filtration,,,1.01,84.9,0.0881,,17.4,413.75,3.448,73.41,11390
Ti2CTx,OH,organic,2.185382668234912,26.22,drop_casting,191.0,111.5,,33.0,0.1669,0.847,81.7,465.26,3.962,70.1,11396
Nb2CTx,F,NaOH,,15.91,drop_casting,,,,,0.136,,343.7,310.6,4.25,74.44,12209
Nb2CTx,OH,H2SO4,1.9491617982751483,29.66,drop_casting,140.1,86.3,1.998,31.0,0.0593,,,550.45,3.131,67.3,7888
Mo2CTx,O,PVA_KOH,,2.16,drop_casting,128.0,77.7,1.908,,0.0378,0.937,233.1,255.15,3.067,82.33,20877
Ta4C3Tx,F,ionic_liquid,2.107918858850138,24.97,spin_coating,126.0,54.0,,97.9,0.101,,117.0,495.38,5.534,71.36,14848
Mo2CTx,OH,ionic_liquid,2.8488621019488582,10.3,inkjet,153.4,93.5,1.297,77.2,,,,385.49,3.306,78.22,15145
Ti3CNTx,mixed,EMIMBF4,,1.59,spin_coating,,,,,0.1946,,,276.97,3.162,90.7,14315
V2CTx,OH,KOH,,28.3,vacuum_filtration,,,,131.2,0.3456,,102.8,512.57,3.45,70.63,10665
V2CTx,OH,KOH,2.9197668287084,11.99,inkjet,,,1.481,46.9,0.2423,,,474.87,2.319,82.27,9013
Ti3CNTx,F,organic,0.6499770864633707,5.67,vacuum_filtration,196.3,76.8,1.637,57.4,0.311,0.607,,343.47,1.897,90.87,8404
Ti3CNTx,O,KOH,,5.89,inkjet,135.1,98.8,1.85,,0.0688,0.637,,446.02,1.748,86.44,10586
Ta4C3Tx,F,H2SO4,1.301137213908638,8.46,spin_coating,,,1.02,137.1,,0.629,327.3,380.59,4.181,82.08,5122
Ti3CNTx,F,NaOH,,18.58,vacuum_filtration,,,,48.9,0.281,0.501,281.9,408.2,4.384,75.0,11043
Ti3CNTx,F,H2SO4,,18.23,inkjet,94.4,96.3,0.933,,0.1167,0.795,140.0,495.38,3.374,72.66,7634
Ti2CTx,OH,KOH,1.9268265153006157,22.53,spray_coating,,,,,0.2188,,33.2,430.18,2.251,80.21,9182
Ti3CNTx,mixed,EMIMBF4,1.4492983162041644,6.34,vacuum_filtration,210.0,62.0,1.97,135.7,0.1021,0.363,391.6,345.03,5.055,89.01,17795
Ti2CTx,O,NaOH,,13.82,spin_coating,143.6,61.8,1.018,100.7,,0.83,434.7,444.55,4.771,72.41,12963
Ti3CNTx,O,NaOH,2.4522974775769497,4.3,spray_coating,133.8,36.6,1.456,177.5,0.3006,0.603,,448.8,2.22,89.43,12515
Mo2CTx,O,KOH,2.190047400223446,23.06,inkjet,,,1.024,74.3,,0.727,316.6,429.4,3.918,72.46,9551
Nb2CTx,mixed,KOH,0.9760487616658737,10.61,spray_coating,,,0.955,189.9,0.3174,,,428.26,2.017,92.53,10204
Ti3C2Tx,O,PVA_KOH,,9.8,spray_coating,90.8,101.8,1.682,174.5,,,177.6,568.62,3.314,83.82,15413
Ti3CNTx,mixed,H2SO4,2.9109175208259996,10.05,inkjet,,,1.521,37.3,,,493.3,436.21,5.308,86.74,6146
V2CTx,O,H2SO4,,11.58,inkjet,239.3,42.0,1.009,,,0.862,,439.04,1.886,79.44,7253
Ti2CTx,O,PVA_H2SO4,0.7352482665905617,12.25,drop_casting,,,1.714,185.0,0.3263,,,438.95,2.591,79.66,17278
Mo2CTx,mixed,PVA_H2SO4,,18.12,drop_casting,140.3,16.4,,69.4,0.2708,0.39,338.9,469.8,4.717,72.66,15642
Mo2CTx,O,H2SO4,,3.9,spin_coating,,,1.142,78.0,0.2058,0.495,,358.0,1.791,89.85,7033
V2CTx,O,ionic_liquid,,17.04,inkjet,86.3,99.4,,121.8,,,36.8,481.73,3.814,71.81,11717
Ta4C3Tx,OH,PVA_KOH,1.9869062586877593,5.07,inkjet,200.7,88.9,1.38,78.3,,0.322,,336.6,2.178,84.58,17122
Ti3C2Tx,O,ionic_liquid,2.3011478821398743,13.57,vacuum_filtration,163.6,66.1,1.708,106.3,,0.507,,583.84,3.367,81.16,17658
V2CTx,O,H2SO4,2.041597328489877,28.17,inkjet,,,,38.3,,,,592.94,2.861,65.75,5866
Mo2CTx,mixed,PVA_KOH,1.0575903199957382,25.61,spin_coating,126.7,17.8,,83.2,0.3114,,170.7,469.27,4.564,64.31,17169
Ti2CTx,mixed,PVA_H2SO4,1.4817751464023095,18.1,drop_casting,,,,,,,,399.84,3.624,74.64,13997
Ta4C3Tx,O,NaOH,1.2867497840928328,17.97,spray_coating,,,1.577,,0.3146,,82.4,430.7,3.336,84.39,10660
Ti2CTx,OH,ionic_liquid,2.805973934989076,9.32,inkjet,114.5,87.0,1.933,68.3,,0.933,,348.65,3.989,87.8,12068
Ti3C2Tx,OH,PVA_H2SO4,1.8085596196122309,3.0,drop_casting,229.3,100.3,1.102,38.1,0.0642,0.335,,331.92,1.825,82.37,18831
Ti3C2Tx,OH,PVA_KOH,1.5065325792586237,10.93,inkjet,,,0.904,186.4,0.2056,0.94,,569.94,2.516,78.94,15298
Ti2CTx,F,H2SO4,,8.66,spin_coating,,,1.855,142.2,0.1283,0.75,1.5,362.77,2.016,86.13,6189
Mo2CTx,O,organic,2.4738955100016393,23.96,vacuum_filtration,,,,162.7,0.1194,,220.2,436.21,4.804,73.98,8915
Nb2CTx,mixed,ionic_liquid,1.9107405145734664,27.36,inkjet,199.9,103.0,1.64,141.8,0.0889,,2.2,407.55,4.076,73.95,14307
Mo2CTx,F,PVA_H2SO4,1.5350689553309056,12.37,drop_casting,80.1,82.7,1.481,165.8,0.1118,0.76,485.7,378.16,5.226,73.4,15947
Ti3C2Tx,mixed,EMIMBF4,0.7741397479792457,16.1,drop_casting,,,1.319,,,0.615,,467.94,3.496,75.84,16027
V2CTx,F,PVA_KOH,,18.17,spray_coating,,,1.453,60.5,,,498.8,484.49,4.526,81.54,16685
Mo2CTx,O,NaOH,1.7456978967758254,9.48,spin_coating,185.9,69.0,1.405,53.2,0.288,0.614,154.1,371.83,3.26,80.03,10181
Mo2CTx,F,NaOH,,24.78,spray_coating,92.5,95.4,1.282,184.7,0.1488,,147.0,471.05,3.784,75.37,8327
Mo2CTx,OH,H2SO4,2.8781998690165436,26.21,inkjet,128.8,28.7,1.064,20.7,,,,558.86,2.783,65.68,6562
Ti3C2Tx,mixed,organic,0.8993461690567729,21.14,drop_casting,,,1.546,,0.2957,0.664,336.5,486.07,4.63,81.38,11258
Ti2CTx,mixed,EMIMBF4,,18.08,spin_coating,116.8,99.5,1.132,,0.0782,,175.7,407.95,5.915,81.0,16236
Ta4C3Tx,mixed,KOH,0.7073405571704325,6.89,spray_coating,,,1.855,,,0.879,121.0,347.63,2.911,89.41,9926
Ti3C2Tx,mixed,EMIMBF4,,18.71,spray_coating,,,1.854,122.9,,,86.3,511.69,3.951,85.09,14510
Nb2CTx,OH,NaOH,0.5972770519355373,18.84,inkjet,95.7,72.0,1.308,,,,441.8,313.31,5.799,78.39,9158
Ti3C2Tx,F,KOH,2.3354876705456133,20.43,spray_coating,208.9,119.2,1.823,151.4,0.3284,,258.0,442.81,3.611,86.33,11827
Ti3CNTx,F,organic,2.8406962320116644,21.58,spray_coating,177.5,75.8,,65.9,0.2826,,,529.66,3.409,76.46,14143
Ti3C2Tx,O,PVA_H2SO4,1.0006770752253578,26.42,spray_coating,,,1.341,103.6,,,,653.04,3.788,65.71,12550
V2CTx,OH,H2SO4,1.7813822813527636,2.69,spray_coating,,,1.557,193.0,0.2899,0.619,40.1,415.58,1.468,90.47,8077
Mo2CTx,OH,organic,2.9005650113074197,16.22,spray_coating,,,1.638,,,,,361.66,2.931,81.81,10564
Nb2CTx,O,ionic_liquid,,1.45,spray_coating,,,,,,0.709,399.3,227.68,4.869,93.14,13356
Ti3CNTx,OH,ionic_liquid,,13.41,spray_coating,223.0,95.7,1.446,,0.1998,,,370.69,3.255,84.11,19972
Ti3CNTx,F,ionic_liquid,2.213980581094776,9.42,spin_coating,,,1.14,135.7,0.2207,0.63,353.0,357.75,5.118,85.45,13472
Ta4C3Tx,mixed,NaOH,,18.51,spray_coating,154.4,89.2,,25.1,0.1334,0.511,129.4,390.46,3.899,72.55,10195
Mo2CTx,mixed,H2SO4,0.5048242696833487,29.97,vacuum_filtration,83.4,59.0,1.898,103.5,0.033,0.852,128.1,493.37,3.228,70.62,7252
Ti3CNTx,mixed,organic,0.8337395877296281,10.02,drop_casting,,,,146.9,0.1435,0.828,274.0,510.6,3.852,82.01,11478
Mo2CTx,F,ionic_liquid,1.8621250842236519,9.84,spray_coating,153.2,37.9,1.215,57.3,0.1971,0.39,266.2,285.87,4.914,85.58,18269
Ti3C2Tx,OH,NaOH,0.733045531668651,19.82,spray_coating,,,,,0.0787,0.436,,504.36,3.059,77.94,8542
Nb2CTx,mixed,organic,2.9726948376056446,3.0,drop_casting,98.0,56.6,0.956,69.3,,,79.9,220.58,2.662,79.0,10355
Ta4C3Tx,F,EMIMBF4,,3.21,vacuum_filtration,,,,137.3,,,117.9,248.07,3.273,87.63,10506
Ti3C2Tx,OH,organic,0.7017009460366626,29.41,inkjet,,,,,,,,488.48,3.373,62.92,11623
V2CTx,OH,KOH,0.8811662724459655,6.34,spin_coating,,,1.117,,0.0342,0.656,,380.28,1.926,79.57,8278
Ta4C3Tx,OH,KOH,2.867230727834394,27.17,spray_coating,192.7,65.4,1.413,135.3,0.0609,,,622.41,2.709,75.39,8781
Ti2CTx,F,PVA_KOH,1.149495614065766,27.81,vacuum_filtration,,,,149.2,0.2408,0.592,425.0,491.08,5.53,69.74,13552
Ti2CTx,F,organic,0.796942807738946,5.68,drop_casting,127.8,88.0,1.017,136.5,0.0777,,325.0,294.41,3.646,79.78,9948
V2CTx,OH,NaOH,2.8080588381740412,9.98,drop_casting,184.9,22.7,,,0.2959,,,439.58,2.67,87.1,13473
Ti2CTx,OH,organic,1.2645931010314178,20.1,spray_coating,96.2,89.8,1.898,77.9,0.2744,0.799,,376.0,2.712,79.46,8842
Nb2CTx,F,organic,2.991263149086397,26.72,drop_casting,,,1.375,183.6,0.2268,,255.1,430.23,4.864,63.78,8844
Mo2CTx,F,PVA_KOH,,16.34,spray_coating,,,1.106,,0.1636,,,326.31,3.238,82.01,16059
Ti3C2Tx,OH,H2SO4,1.0184321880984535,3.06,inkjet,127.6,105.3,1.567,,,,230.3,385.43,2.559,82.02,7585
Nb2CTx,O,PVA_KOH,2.1349679993777926,18.74,spin_coating,203.4,28.4,1.381,165.2,,,,380.51,3.297,69.59,18389
Nb2CTx,mixed,PVA_KOH,,16.06,spray_coating,109.8,25.7,,39.0,0.2662,0.424,,378.66,3.125,78.47,15989
Ti3C2Tx,OH,ionic_liquid,,17.46,vacuum_filtration,92.1,117.5,1.018,,,,,441.35,4.701,73.48,13545
V2CTx,F,NaOH,2.4324925654785683,1.95,inkjet,,,,176.3,0.2363,0.838,254.9,399.48,3.352,83.33,9524
Ta4C3Tx,F,KOH,,10.87,inkjet,,,1.815,,,,140.2,301.87,2.629,85.31,8634
Ta4C3Tx,F,PVA_H2SO4,2.4826985817375533,13.26,spin_coating,249.7,65.2,1.835,,,,145.3,369.13,3.55,78.46,22126
Ti3CNTx,O,KOH,1.0409732717074367,5.53,inkjet,182.8,23.9,,,0.2872,,295.1,438.16,2.963,80.46,12246
Mo2CTx,OH,organic,,1.35,spray_coating,138.5,113.7,1.424,66.5,0.021,0.908,427.0,243.44,4.9,90.85,16014
Nb2CTx,mixed,H2SO4,,16.98,spray_coating,222.8,111.6,,32.2,0.2973,,,377.81,2.246,82.42,8080
Ti3C2Tx,F,H2SO4,2.8740884704418748,7.79,spin_coating,229.1,69.6,1.019,,0.0371,0.75,157.6,323.87,2.934,87.37,7693
Ta4C3Tx,mixed,PVA_H2SO4,,22.6,inkjet,180.1,30.4,1.141,,0.0747,0.41,98.4,480.97,4.143,72.06,16466
V2CTx,O,KOH,1.2581215453696144,25.42,spin_coating,,,1.498,,0.1912,0.534,91.0,520.86,3.239,70.95,9208
Ti3CNTx,F,PVA_H2SO4,1.9888609467919895,8.92,vacuum_filtration,143.9,106.9,,29.4,0.0697,,267.8,438.59,3.863,82.16,18519
Nb2CTx,F,KOH,1.4481648764656823,7.62,drop_casting,,,,,,,415.8,227.24,4.643,76.09,11834
V2CTx,OH,KOH,,9.75,spray_coating,,,1.894,,0.1458,,11.1,360.03,1.545,89.56,10622
V2CTx,O,EMIMBF4,0.6123535087730176,5.32,spray_coating,151.6,58.5,1.963,,,,496.0,396.62,5.983,89.74,14703
Ti3C2Tx,mixed,H2SO4,1.0945884622044777,19.98,spin_coating,244.9,63.2,1.748,,0.1125,0.373,,481.59,2.331,80.74,6476
Ti3CNTx,O,H2SO4,1.7347743578859975,11.37,spray_coating,211.0,17.0,1.542,43.5,,,,454.51,2.267,84.44,8286
Ta4C3Tx,mixed,organic,1.5780374203145877,4.31,vacuum_filtration,,,1.094,,0.2752,0.777,362.4,263.45,3.662,89.36,10204
Nb2CTx,F,NaOH,0.7251375944553993,14.96,drop_casting,227.2,29.9,0.858,,0.1828,,,238.77,2.887,72.93,11639
Mo2CTx,OH,H2SO4,1.1259414974745579,1.05,drop_casting,210.9,91.0,,198.2,,,81.0,314.48,1.942,87.53,7453
Ta4C3Tx,F,EMIMBF4,,26.41,spray_coating,,,1.029,34.2,0.0449,0.814,490.6,438.46,7.633,71.74,13672
Ti3C2Tx,O,PVA_H2SO4,2.32454730265951,7.83,inkjet,,,,98.2,,,,436.64,2.352,76.06,15432
V2CTx,F,PVA_H2SO4,,25.86,spray_coating,,,1.837,141.5,0.1266,,,574.26,3.286,77.19,16718
Nb2CTx,mixed,organic,,27.09,drop_casting,224.4,49.7,,,,,,356.53,3.694,63.93,13475
Ti3C2Tx,O,PVA_H2SO4,,7.41,vacuum_filtration,,,0.847,,0.3231,,,380.69,2.208,87.09,15038
Nb2CTx,F,H2SO4,0.7684146242163254,26.23,spin_coating,106.5,87.0,1.346,,0.1548,0.521,137.6,461.35,3.121,71.83,7830
Ti3C2Tx,F,PVA_H2SO4,,4.23,vacuum_filtration,,,1.933,,0.2633,0.526,,374.29,2.489,92.23,13383
Ti3CNTx,OH,KOH,2.1714636145524606,25.78,drop_casting,161.3,70.1,1.973,81.6,,,,676.35,2.724,70.07,12544
Mo2CTx,OH,EMIMBF4,,17.44,inkjet,,,1.408,,0.1992,,36.0,325.95,4.253,77.68,16105
Ti3CNTx,O,ionic_liquid,1.0916897537175458,27.57,spray_coating,206.8,86.6,,,0.0891,,143.7,525.55,5.427,68.32,11792
V2CTx,mixed,PVA_KOH,1.4102709056049376,6.7,vacuum_filtration,237.1,72.2,1.987,,0.1855,0.899,219.8,329.83,3.418,85.96,19303
Ti2CTx,O,PVA_H2SO4,,12.52,drop_casting,81.0,22.9,0.898,,0.1218,0.896,483.5,448.2,4.762,69.53,14196
Ti2CTx,mixed,ionic_liquid,1.2895787127212017,8.95,vacuum_filtration,,,,171.7,0.1642,,,357.58,3.096,78.55,12695
Ti3CNTx,OH,EMIMBF4,2.2024165003128973,17.79,spin_coating,239.9,59.9,,,0.1984,0.764,,448.75,4.542,78.4,14324
Ti3CNTx,mixed,KOH,1.9840329782949135,23.82,spin_coating,,,1.688,168.8,,,,540.94,2.559,74.26,10296
Nb2CTx,OH,ionic_liquid,,9.74,spray_coating,103.2,96.4,,165.0,,,232.1,380.51,4.649,82.84,14762
Ti3C2Tx,OH,organic,0.7881769195143624,23.48,spray_coating,,,,134.4,0.1007,0.68,277.7,518.37,4.535,74.91,13428
Nb2CTx,mixed,KOH,2.6496251421638353,18.48,spin_coating,98.5,88.0,2.0,,,,,397.0,2.133,75.15,9914
Nb2CTx,F,organic,,15.47,drop_casting,,,1.652,178.3,,0.441,,396.63,2.9,81.6,8943
Ti3C2Tx,OH,PVA_KOH,1.5198114859533551,20.37,drop_casting,,,,,0.1765,,,593.21,3.027,70.45,14881
Ta4C3Tx,F,PVA_H2SO4,0.8843381987221048,8.28,drop_casting,,,1.558,,0.0376,0.939,400.5,308.77,4.296,82.77,17310
Nb2CTx,OH,KOH,1.0694679774030118,7.9,drop_casting,,,1.092,148.6,,,122.6,318.0,2.458,82.07,11082
Nb2CTx,F,H2SO4,,19.17,drop_casting,,,1.499,103.7,,0.894,112.7,433.75,3.121,73.1,6268
Nb2CTx,F,PVA_H2SO4,,27.66,vacuum_filtration,,,1.645,127.2,,,177.2,467.23,4.046,71.01,15489
Nb2CTx,mixed,KOH,2.1269495889353567,13.75,vacuum_filtration,148.5,39.7,1.045,55.5,,0.616,219.3,378.9,2.546,78.59,11535
V2CTx,OH,PVA_H2SO4,1.9800072186221758,13.61,drop_casting,,,,28.4,0.2229,,95.9,440.08,3.389,80.17,14392
Mo2CTx,F,NaOH,1.0741308405989525,8.13,spray_coating,107.1,117.9,,120.5,,0.479,275.3,296.99,4.134,81.45,12011
Ta4C3Tx,OH,NaOH,2.058937869256711,27.74,vacuum_filtration,,,,73.0,,,492.2,535.8,7.39,68.83,7449
Ta4C3Tx,mixed,PVA_H2SO4,0.6289488610111824,17.86,vacuum_filtration,150.3,97.3,1.925,,0.2704,,,363.89,2.934,79.8,17556
Nb2CTx,mixed,PVA_KOH,,17.33,inkjet,,,1.791,49.6,,0.844,,335.01,3.02,78.17,13780
Ti3C2Tx,O,organic,,23.23,drop_casting,185.8,47.2,1.465,27.5,0.0906,0.935,,624.5,2.963,65.23,13810
Ti2CTx,O,H2SO4,2.05370139383786,7.59,vacuum_filtration,134.2,112.6,1.802,107.0,0.1113,0.357,109.4,478.13,2.376,90.62,6628
V2CTx,O,ionic_liquid,0.8141332670937422,29.74,spray_coating,190.3,92.0,1.696,,,0.707,24.4,561.36,6.014,70.99,15005
Ti3C2Tx,mixed,EMIMBF4,0.50801922671296,20.08,spin_coating,89.2,105.9,,181.1,0.2208,0.38,440.3,654.85,6.503,79.43,13060
Mo2CTx,mixed,EMIMBF4,,5.99,spray_coating,108.9,17.1,,33.1,,,,344.96,3.404,87.24,12545
Mo2CTx,F,ionic_liquid,,9.49,vacuum_filtration,,,0.919,,0.166,,,254.01,3.918,81.54,12594
Mo2CTx,OH,ionic_liquid,0.9603504667335229,21.66,spin_coating,,,1.478,,,,,340.79,4.468,72.59,12203
Ti2CTx,F,H2SO4,,14.9,inkjet,,,1.702,128.4,0.1608,,292.9,440.33,3.569,74.25,6592
Ti3CNTx,mixed,NaOH,2.8908498501835447,27.59,inkjet,220.3,105.3,1.708,149.5,,0.922,,444.54,3.636,68.25,13730
Mo2CTx,F,PVA_KOH,1.3302529696025118,9.91,spin_coating,226.7,85.2,1.5,63.5,,,307.1,273.85,3.853,84.83,17125
Ti3C2Tx,F,organic,,6.33,spray_coating,122.7,51.4,1.214,27.2,0.1543,,,391.53,2.101,85.0,11196
Ti2CTx,mixed,KOH,1.3595161204846267,27.72,drop_casting,206.2,40.9,,159.6,0.2397,0.48,,445.17,3.076,70.17,12330
V2CTx,F,H2SO4,1.0094524273668237,22.71,drop_casting,208.0,84.1,1.885,127.2,0.14,0.719,,487.14,2.336,73.66,8870
Mo2CTx,OH,ionic_liquid,0.8633442780678555,25.02,drop_casting,85.1,77.7,1.618,,0.0914,0.442,391.9,361.48,5.841,72.94,13816
Mo2CTx,OH,KOH,1.4691946205205637,27.98,spin_coating,158.8,60.5,1.175,143.8,,0.431,,510.13,2.637,74.34,9394
Mo2CTx,mixed,KOH,,24.73,spray_coating,136.3,34.8,1.362,,0.0688,,,506.65,2.419,73.12,12354
Ti3C2Tx,mixed,PVA_H2SO4,2.002501377339195,24.7,inkjet,,,1.59,151.7,,0.433,78.6,609.3,4.291,76.98,17393
Mo2CTx,OH,organic,1.8434965639233518,24.97,spray_coating,81.0,75.3,1.009,115.5,,0.425,,481.33,3.127,74.91,11070
V2CTx,OH,H2SO4,,24.09,inkjet,96.4,81.4,,57.4,0.0623,,287.0,499.59,4.017,74.24,5373
Ti3C2Tx,OH,organic,,26.54,inkjet,206.8,47.8,1.085,174.9,,0.499,,542.47,3.368,69.65,12738
Ti2CTx,OH,PVA_H2SO4,,11.51,inkjet,213.6,77.1,,104.3,,,88.8,344.84,3.051,84.75,14305
V2CTx,O,KOH,,20.53,spin_coating,132.1,35.8,1.773,171.5,0.1344,0.789,,660.89,2.04,78.8,10002
Nb2CTx,O,EMIMBF4,1.2251196119339838,18.4,spin_coating,185.7,85.4,1.145,,,,439.6,425.61,6.133,73.07,15127
Mo2CTx,OH,organic,,3.93,spray_coating,122.0,84.5,,,0.0689,,431.5,268.46,4.37,91.28,10523
Mo2CTx,F,PVA_KOH,1.3108499830090985,21.25,drop_casting,201.8,114.8,1.154,130.5,0.2811,0.306,317.2,354.27,5.097,74.79,20306
Ta4C3Tx,OH,EMIMBF4,1.8701490246065817,27.02,vacuum_filtration,89.8,77.8,1.651,,0.1147,0.708,,478.78,5.473,79.73,11901
Nb2CTx,OH,ionic_liquid,0.5259952537753514,19.61,spray_coating,204.9,95.7,,95.8,,,,336.69,4.117,76.5,13253
Ti2CTx,O,H2SO4,2.4598789505139047,12.35,spin_coating,,,1.073,34.6,0.0803,0.589,180.8,441.17,3.15,77.58,7713
Mo2CTx,mixed,KOH,,13.14,drop_casting,102.1,37.0,1.109,138.3,0.223,0.535,258.4,447.13,3.587,73.98,11410
V2CTx,mixed,NaOH,,11.82,inkjet,151.5,16.6,,,0.3144,0.369,427.9,483.1,6.056,83.59,9672
Nb2CTx,OH,H2SO4,,3.82,inkjet,171.2,58.5,1.807,,0.2748,0.939,53.0,304.69,2.032,96.03,7031
Ta4C3Tx,F,H2SO4,,2.87,drop_casting,216.1,107.6,1.187,73.8,,0.743,78.8,331.71,2.294,84.89,8415
Mo2CTx,O,ionic_liquid,2.7423569795832683,19.57,drop_casting,91.5,34.2,1.962,26.6,,0.789,,483.12,4.528,77.29,10369
Ti3C2Tx,F,H2SO4,2.829559954432376,27.42,vacuum_filtration,150.3,52.6,1.222,164.2,0.1001,0.445,,673.62,2.621,64.03,8718
V2CTx,mixed,organic,1.108921389513892,14.48,inkjet,229.5,100.5,1.356,144.3,,,313.1,428.99,4.603,78.59,11135
Ta4C3Tx,mixed,ionic_liquid,1.7719022055479492,23.05,drop_casting,199.9,102.2,,112.5,,0.766,397.1,550.04,6.364,74.55,14268
Ti2CTx,OH,PVA_H2SO4,,21.91,inkjet,,,,64.7,0.2813,0.494,,470.95,3.183,73.08,11675
Ta4C3Tx,mixed,EMIMBF4,1.3320621557877477,6.75,spin_coating,,,1.355,189.4,,,497.4,338.53,5.713,83.25,12278
Nb2CTx,mixed,PVA_KOH,1.1311281467414778,15.9,spin_coating,85.2,82.8,1.608,168.7,0.0623,,145.4,357.86,3.847,83.35,11792
Ti2CTx,OH,EMIMBF4,,21.66,vacuum_filtration,,,,192.8,0.0339,,,494.18,5.136,76.55,11639
V2CTx,F,EMIMBF4,0.7915101139212914,1.8,inkjet,170.0,21.4,0.833,,0.1734,0.713,146.8,283.03,4.094,95.74,15519
Ti2CTx,F,NaOH,2.442948707078197,18.24,spray_coating,129.8,63.9,,74.4,0.0759,0.831,23.9,461.75,2.895,79.01,14636
Mo2CTx,O,EMIMBF4,2.590065508944317,12.42,spray_coating,181.0,30.5,0.845,,,0.539,174.2,389.61,5.078,80.07,15438
Mo2CTx,mixed,PVA_H2SO4,1.2721568872881523,3.18,spin_coating,,,,75.9,0.0994,0.486,399.8,296.75,3.85,86.04,11438
Mo2CTx,F,organic,0.9006812004577287,22.92,spray_coating,165.1,71.6,1.204,85.9,,,242.1,442.7,3.919,71.43,11120
Ta4C3Tx,O,EMIMBF4,2.6530933550461357,17.84,spray_coating,157.4,27.5,0.988,,0.2363,0.809,380.3,544.24,6.31,79.47,12654
Ti3CNTx,mixed,H2SO4,2.8719310130130307,24.88,vacuum_filtration,231.9,29.0,1.806,47.3,,0.413,,590.33,3.143,78.15,8074
Ti2CTx,O,organic,1.633298422445017,7.38,spray_coating,,,1.996,89.9,,,,342.33,2.232,90.98,11640
Ti3CNTx,OH,KOH,,2.11,vacuum_filtration,217.4,108.1,1.284,,0.1297,0.616,,288.54,1.578,90.25,12315
V2CTx,O,H2SO4,2.0646082184424657,24.52,vacuum_filtration,,,,54.5,,0.354,,591.35,1.88,74.51,5468
Ti3C2Tx,F,PVA_H2SO4,2.017429336167768,4.38,vacuum_filtration,143.7,21.8,1.566,,0.0853,0.843,483.4,442.17,4.648,95.34,19778
Nb2CTx,F,H2SO4,1.5289645570786763,8.57,spray_coating,145.7,28.8,0.801,,,0.522,,358.14,1.847,86.11,5655
Ti3C2Tx,OH,NaOH,,22.03,drop_casting,,,,54.3,,,,547.91,3.858,70.19,8340
Nb2CTx,OH,PVA_H2SO4,2.33301152767189,10.46,drop_casting,202.6,52.6,,37.5,0.0342,,345.0,337.61,3.695,81.14,16908
Ti3CNTx,F,PVA_H2SO4,2.2463677848042796,14.35,drop_casting,152.2,56.2,1.311,147.2,,,19.3,500.1,2.868,76.59,15579
Ti3C2Tx,O,PVA_H2SO4,2.0273725828048406,8.61,drop_casting,103.1,35.5,0.853,161.9,,,253.5,594.93,3.581,75.81,16765
Ti3C2Tx,mixed,NaOH,,25.54,vacuum_filtration,144.9,77.9,,,0.2496,,222.9,514.89,5.016,72.99,11609
Nb2CTx,mixed,H2SO4,1.5843733986079354,10.04,spin_coating,163.3,100.9,,33.5,0.2407,0.668,89.5,366.54,2.274,84.29,9032
Mo2CTx,F,organic,2.5830988524101297,18.87,inkjet,,,1.228,185.6,0.0565,,,399.28,3.065,75.68,9158
Ti3CNTx,OH,ionic_liquid,0.5933368821103958,3.16,inkjet,,,1.066,24.6,,0.437,375.2,352.52,4.838,85.36,13265
Ti2CTx,mixed,H2SO4,2.921387027256889,17.26,inkjet,,,1.664,183.4,0.0635,0.823,140.2,414.07,3.361,78.5,6326
Ti3CNTx,O,H2SO4,2.2735520214980003,25.61,drop_casting,,,1.942,,0.1869,0.759,300.6,453.41,4.128,78.82,8113
Nb2CTx,OH,EMIMBF4,1.5076219566756777,25.55,vacuum_filtration,,,1.949,104.5,0.1451,,,422.2,5.446,70.92,13357
Ti3C2Tx,OH,organic,2.886762279765079,9.24,spin_coating,164.1,87.3,1.903,98.0,,,,454.09,2.589,90.0,10352
Ti3C2Tx,mixed,PVA_H2SO4,1.397532080359496,4.74,spin_coating,115.0,73.1,1.857,,0.2523,,,420.48,2.283,88.71,19121
Ti2CTx,O,PVA_H2SO4,0.933316990739889,20.1,inkjet,126.9,28.5,1.042,,0.1252,,379.7,473.44,5.017,70.98,15103
Ta4C3Tx,OH,KOH,0.9867042421548773,1.07,spray_coating,243.6,36.9,1.054,,0.1632,0.647,,264.51,1.369,90.59,9962
Ti3C2Tx,F,NaOH,0.7003680246763542,20.41,spin_coating,,,,104.0,,,55.4,530.31,4.588,73.34,9857
Ta4C3Tx,mixed,NaOH,2.777213507738994,17.68,inkjet,218.2,38.7,,104.4,0.271,,,465.26,3.092,76.12,9919
Ti3CNTx,O,ionic_liquid,1.0624206194893133,15.8,drop_casting,201.6,43.0,1.826,,0.3348,0.561,495.9,451.55,7.414,80.85,15937
Ti2CTx,OH,KOH,2.6712487313146913,22.96,spray_coating,245.6,108.3,,23.7,0.1061,0.852,,452.38,2.575,74.03,9038
Mo2CTx,O,NaOH,1.9481497179160605,27.53,spin_coating,211.4,19.3,0.856,123.6,0.069,,75.6,423.22,4.864,67.54,13647
V2CTx,O,NaOH,,14.01,inkjet,,,1.999,24.8,0.0476,,352.6,410.79,5.345,84.45,12544
Ta4C3Tx,O,EMIMBF4,1.1167046435791548,22.54,spin_coating,168.1,42.2,0.843,149.9,,0.456,40.2,570.16,4.86,68.02,15641
Nb2CTx,F,organic,0.7953155665363089,14.12,spray_coating,154.5,87.5,1.402,181.7,0.1957,0.694,312.8,424.6,4.443,78.67,11065
V2CTx,mixed,PVA_KOH,,22.73,drop_casting,123.7,15.4,1.837,65.7,0.1635,0.95,,595.52,3.276,71.68,17658
Ti2CTx,mixed,H2SO4,,8.88,vacuum_filtration,98.0,105.9,,,,0.467,56.7,400.75,2.181,80.42,8229
Ta4C3Tx,O,KOH,,24.45,spray_coating,,,0.815,135.5,0.0865,0.74,,539.2,2.279,75.6,10175
Ti2CTx,mixed,H2SO4,0.559230688290778,24.02,drop_casting,115.0,50.6,0.92,,,0.502,494.6,525.06,4.771,67.98,8022
Ti3C2Tx,mixed,EMIMBF4,1.331112072581333,23.85,inkjet,103.1,104.2,,165.1,0.0835,0.539,,636.69,5.271,70.29,15143
V2CTx,mixed,ionic_liquid,2.1513299159630255,2.05,inkjet,180.9,101.6,,189.6,0.2041,,30.3,400.54,3.467,90.96,15624
Ti3CNTx,OH,NaOH,1.0852585570622373,21.93,vacuum_filtration,246.5,27.9,1.393,,0.22,,,494.83,3.172,74.29,11458
V2CTx,F,PVA_KOH,1.623642901284985,25.38,drop_casting,,,1.302,,0.1485,,,448.62,2.91,69.81,14188
Ti3CNTx,O,PVA_KOH,0.5368686172533219,3.85,drop_casting,214.7,49.8,1.235,,,,,298.09,2.34,76.46,16325
Mo2CTx,OH,H2SO4,1.595841490593954,23.54,spray_coating,,,1.862,63.8,,0.891,159.3,459.56,3.018,81.32,7742
Mo2CTx,O,ionic_liquid,2.942779801152708,17.91,spray_coating,145.5,56.5,1.226,88.5,,0.34,253.0,488.12,5.24,77.04,12995
V2CTx,mixed,NaOH,2.0795038658795417,21.72,spray_coating,211.4,35.0,0.99,139.5,0.1453,0.802,475.1,505.89,5.992,75.24,10717
Ti3C2Tx,O,NaOH,,15.55,vacuum_filtration,112.3,28.0,1.59,108.2,,0.663,,636.0,2.402,87.01,14872
Nb2CTx,O,EMIMBF4,0.9058165533440727,29.24,spray_coating,,,1.98,146.4,0.2585,,40.8,581.34,5.243,77.25,15765
V2CTx,mixed,organic,0.848773010965516,21.57,spray_coating,,,,58.7,,,43.5,496.09,3.337,71.64,9652
Nb2CTx,OH,H2SO4,1.9181445395680925,17.34,drop_casting,139.5,38.8,0.831,142.0,,,199.5,455.38,2.953,69.42,7627
Nb2CTx,mixed,NaOH,1.304446534297203,19.22,drop_casting,,,,,,0.309,473.8,397.41,5.467,70.55,8356
Ti3C2Tx,F,ionic_liquid,2.96835040906914,22.62,inkjet,,,1.523,153.2,0.3123,,140.9,558.18,5.396,77.56,14085
Ti2CTx,F,EMIMBF4,,5.9,spray_coating,132.5,117.3,,123.3,0.2325,0.889,34.9,330.8,4.084,83.53,15879
V2CTx,mixed,EMIMBF4,2.2857485304827847,23.44,spray_coating,231.4,77.5,0.943,149.0,0.1151,0.537,179.0,457.62,6.086,73.38,15588
Ta4C3Tx,O,EMIMBF4,1.9183974346437225,6.02,spin_coating,141.5,41.1,1.473,,0.0849,0.758,482.8,331.59,5.92,83.08,15039
Mo2CTx,mixed,EMIMBF4,,1.15,vacuum_filtration,,,,113.4,0.2966,0.554,371.3,201.99,4.563,85.43,12630
Ti3C2Tx,F,organic,,24.54,spin_coating,,,0.888,21.0,0.1003,0.548,,505.74,3.368,63.64,6324
Ti3CNTx,mixed,NaOH,1.999253997620683,3.91,spin_coating,,,1.88,,,,,363.04,2.232,85.38,11855
Mo2CTx,O,organic,,20.15,inkjet,,,,193.2,,,146.6,421.44,4.241,71.27,9416
Ti3C2Tx,O,KOH,,25.85,spray_coating,149.1,32.9,,,,,360.1,599.46,3.847,74.73,11372
Ti3CNTx,F,KOH,1.6545318361573313,16.37,spray_coating,,,0.939,165.6,0.2823,,378.6,592.83,4.39,79.02,10822
V2CTx,F,ionic_liquid,2.1903763141662904,25.27,spin_coating,,,1.203,,,,,400.61,4.259,69.62,11819
Ta4C3Tx,mixed,PVA_H2SO4,,10.79,spin_coating,179.3,86.3,1.768,88.9,0.0959,0.559,,488.3,3.165,87.49,20111
Ta4C3Tx,mixed,NaOH,1.62635071096875,25.69,spin_coating,102.2,59.3,1.612,,,0.402,356.7,502.4,6.094,70.29,14808
Mo2CTx,OH,NaOH,1.8962029335146109,22.12,drop_casting,249.9,75.7,1.693,191.8,,,225.2,449.94,3.958,75.74,10585
V2CTx,F,PVA_H2SO4,,16.5,vacuum_filtration,172.7,92.2,1.23,,,0.9,,441.81,2.763,78.57,13927
Mo2CTx,O,H2SO4,0.907393114468261,8.56,spin_coating,169.5,43.4,1.391,192.1,,0.758,187.8,403.99,2.836,86.48,9297
Ta4C3Tx,F,ionic_liquid,,2.18,spin_coating,167.4,97.6,1.522,32.3,0.2561,,,225.73,3.585,91.25,15203
Ti2CTx,F,PVA_H2SO4,0.9796493093326026,1.78,vacuum_filtration,131.5,38.3,,129.1,0.1403,0.613,285.0,313.45,4.089,89.19,19187
Nb2CTx,O,organic,2.002378110874415,6.71,inkjet,167.4,104.6,1.445,,0.3197,0.333,413.5,307.78,4.431,83.78,10623
Ta4C3Tx,OH,NaOH,2.6500594572086333,27.47,drop_casting,83.6,40.1,1.708,138.2,0.2641,0.356,,511.07,3.801,72.92,10698
Ta4C3Tx,OH,H2SO4,1.1677281915935325,6.43,spin_coating,104.6,82.8,1.624,,0.2322,,439.6,394.69,3.831,86.95,7305
Ti3CNTx,mixed,PVA_KOH,1.2001019802168449,12.44,vacuum_filtration,185.1,47.7,,194.7,0.1279,,,545.74,2.626,85.14,18422
Mo2CTx,OH,organic,1.028858067459582,9.03,spin_coating,141.4,84.1,1.882,107.9,,0.655,,356.2,2.738,87.67,11730
Ti3C2Tx,F,NaOH,,8.67,spin_coating,,,,123.6,0.1468,0.392,,445.46,2.409,83.87,10245
V2CTx,OH,PVA_KOH,,3.65,vacuum_filtration,235.4,112.2,,116.5,0.201,,,361.55,2.407,89.27,18362
Nb2CTx,F,ionic_liquid,,2.82,inkjet,173.4,28.5,,,,,,190.65,2.562,84.91,14797
Nb2CTx,F,NaOH,1.1369285817234915,23.31,inkjet,,,1.45,,0.21,0.437,368.9,329.27,4.888,74.5,11404
Ti2CTx,O,KOH,,14.38,inkjet,,,,,0.2671,,81.6,424.07,2.427,77.16,9430
Ti3CNTx,F,PVA_H2SO4,0.7237973158457576,1.28,vacuum_filtration,,,,178.4,0.2556,,,397.22,1.965,91.0,18352
Nb2CTx,OH,NaOH,1.8462115237976,18.49,spin_coating,217.2,26.9,1.379,26.9,0.3344,,,361.34,2.986,82.35,10663
Ta4C3Tx,OH,PVA_KOH,1.8034505161030738,14.36,spray_coating,126.7,59.6,1.403,119.0,0.1169,0.472,,457.51,2.955,75.44,15737
Ti3C2Tx,F,organic,2.1543983531549222,10.64,drop_casting,,,1.679,,0.1957,0.927,311.1,427.84,4.776,85.14,9456
Nb2CTx,OH,PVA_H2SO4,2.181092006891696,15.86,drop_casting,,,,,,,,337.22,2.589,75.9,14646
Ti3CNTx,mixed,ionic_liquid,,4.22,vacuum_filtration,,,,193.1,0.2915,,,385.4,3.201,86.3,10905
Ti2CTx,mixed,EMIMBF4,,16.43,spray_coating,,,,140.8,,,459.8,448.73,5.585,75.87,12680
Ta4C3Tx,O,organic,1.2394121628529526,4.49,spray_coating,86.2,81.6,1.972,191.0,,,,334.58,2.245,88.62,10458
Ti3CNTx,O,NaOH,,25.56,spray_coating,174.3,54.6,,131.2,0.1425,0.834,308.5,651.58,5.487,70.51,10850
V2CTx,O,EMIMBF4,1.9346586304120614,29.55,inkjet,247.6,96.8,,181.4,0.2649,0.57,404.7,507.75,8.293,73.77,16300
Ti2CTx,OH,NaOH,,4.09,drop_casting,89.4,114.5,0.859,111.6,0.3127,0.376,,257.08,1.997,86.93,8139
Ti3C2Tx,F,H2SO4,2.235593005278662,10.49,inkjet,,,,77.1,0.2905,,21.3,493.72,2.109,85.35,7163
Mo2CTx,OH,KOH,2.13517467264584,13.26,spin_coating,104.7,62.3,1.241,112.1,0.0774,0.561,264.8,418.36,2.965,78.72,9759
V2CTx,F,organic,0.5595121945908463,14.1,drop_casting,164.5,85.7,1.242,,0.1548,,,371.38,2.633,74.05,12838
Mo2CTx,mixed,EMIMBF4,2.105744216314323,16.32,vacuum_filtration,166.6,34.0,1.248,98.3,0.1606,,,435.59,4.419,83.02,14381
Ti2CTx,OH,ionic_liquid,,26.04,vacuum_filtration,,,1.272,,,0.399,219.6,378.31,7.055,70.67,12648
Ti2CTx,O,PVA_H2SO4,1.7692194493394098,3.66,spin_coating,218.8,110.6,1.499,136.0,,0.857,,314.37,1.896,83.48,17801
Nb2CTx,F,H2SO4,1.3786065363321653,11.09,vacuum_filtration,123.3,44.5,0.805,87.9,0.2482,,,414.38,1.907,84.37,7110
Ti2CTx,OH,KOH,2.4083109038633648,6.85,inkjet,,,1.068,193.7,0.2994,0.455,250.8,370.79,3.291,85.1,8601
Ti3C2Tx,mixed,KOH,,12.01,inkjet,,,1.225,60.1,0.2777,,16.3,475.11,2.192,79.32,10005
Ti3CNTx,F,EMIMBF4,2.9320201339226437,17.07,spray_coating,190.2,75.7,1.104,57.2,0.0684,0.421,343.3,495.35,6.68,71.99,17415
Mo2CTx,OH,NaOH,2.6905677770987593,22.5,drop_casting,,,,39.3,,0.486,,444.68,3.142,66.64,9349
Ta4C3Tx,O,ionic_liquid,,23.97,spray_coating,,,1.689,27.0,,,232.6,461.39,5.602,76.01,11830
Ta4C3Tx,mixed,H2SO4,,8.58,vacuum_filtration,101.0,83.1,1.965,69.2,,,30.8,464.31,1.916,89.53,7573
Ti2CTx,O,PVA_H2SO4,,27.41,spin_coating,,,1.587,33.3,0.1207,,472.6,469.73,5.574,70.31,17351
Ta4C3Tx,O,PVA_KOH,0.8524683509916513,11.5,spin_coating,228.5,109.6,1.862,,0.1613,0.556,288.4,398.54,3.728,88.47,16346
Mo2CTx,O,H2SO4,0.6750089011521172,9.59,drop_casting,,,1.167,,,,84.7,363.64,1.876,78.25,7261
Ti3C2Tx,mixed,ionic_liquid,2.0348646578461262,27.23,spray_coating,90.0,103.0,1.232,,,0.392,,582.69,4.812,70.22,14651
Nb2CTx,F,EMIMBF4,,3.53,inkjet,105.5,70.1,,181.9,0.3363,0.589,,294.06,2.956,83.57,14661
Ti3CNTx,mixed,KOH,2.643200665873712,28.47,inkjet,240.5,24.9,0.867,44.4,0.0966,0.664,139.8,523.91,3.644,66.05,10153
Mo2CTx,OH,PVA_KOH,2.299279869043318,18.05,inkjet,141.4,15.2,,147.8,,0.427,,515.27,2.95,81.57,21642
Ti3CNTx,mixed,ionic_liquid,1.9778679673422876,28.9,drop_casting,,,1.183,,0.1617,,,557.64,5.529,67.25,10664
Ta4C3Tx,OH,ionic_liquid,2.9449963089043187,7.07,inkjet,197.7,56.3,1.891,188.5,0.2105,,441.1,413.2,5.159,91.36,14843
Ti2CTx,OH,organic,0.8140279236565271,4.7,vacuum_filtration,152.1,71.0,,197.2,0.0229,,494.5,351.11,4.096,80.75,12357
Ti3CNTx,F,KOH,,28.25,inkjet,97.3,50.6,,,0.0347,0.35,226.6,520.69,4.129,64.27,8645
Ti3C2Tx,O,PVA_H2SO4,,1.76,drop_casting,182.1,78.2,,,0.2602,,291.6,359.07,3.438,81.06,17280
Ta4C3Tx,mixed,EMIMBF4,1.3904319285885245,6.67,drop_casting,198.7,78.9,1.58,164.1,0.1053,,23.1,399.25,2.973,86.97,15025
V2CTx,F,NaOH,1.1392793840046884,18.54,spray_coating,,,0.911,113.7,0.3123,0.933,108.2,507.75,3.312,78.97,10750
Mo2CTx,OH,KOH,2.220314032740471,12.06,spray_coating,114.4,56.3,1.628,117.1,,0.707,270.2,420.4,3.369,85.35,11375
Mo2CTx,F,H2SO4,1.5330825198139344,27.93,spray_coating,216.3,85.2,0.937,182.7,0.2262,,102.1,462.07,2.658,72.56,7283
Ta4C3Tx,mixed,NaOH,2.0934993983498393,12.54,spray_coating,152.9,117.2,1.529,,,0.673,406.2,371.71,5.077,88.06,12763
Mo2CTx,OH,NaOH,,21.24,vacuum_filtration,191.4,39.2,,129.4,0.0564,0.638,187.1,459.49,4.363,64.89,10152
Ti3C2Tx,OH,organic,,5.49,vacuum_filtration,,,,44.9,0.295,0.43,125.5,395.31,2.675,90.35,10652
Ti3CNTx,OH,PVA_KOH,2.8352785476074778,20.31,inkjet,,,1.219,48.3,0.2596,,,536.39,4.017,73.66,13218
Ti2CTx,O,ionic_liquid,0.764269072550255,12.41,spin_coating,,,1.898,65.0,0.3332,,,343.97,3.597,85.34,12166
Ta4C3Tx,O,H2SO4,1.047935349133065,21.44,spray_coating,207.9,27.5,1.601,194.7,0.1243,,,554.52,2.349,81.61,6976
Ti3CNTx,mixed,NaOH,0.6584199501268222,2.06,spin_coating,227.4,37.5,1.482,105.6,,0.352,107.1,359.37,2.38,88.59,12126
V2CTx,OH,PVA_H2SO4,1.3869840180984556,17.43,vacuum_filtration,166.8,80.8,,,,0.874,100.6,509.13,3.187,75.22,13641
V2CTx,O,organic,1.71154234773629,5.98,vacuum_filtration,,,1.978,,0.1303,,274.8,323.01,3.611,88.55,10582
Mo2CTx,O,PVA_H2SO4,1.7417303361378829,12.87,inkjet,98.4,47.8,,195.2,0.1617,0.735,224.4,470.6,3.676,83.61,13864
Ti3CNTx,mixed,PVA_KOH,0.9236329490179463,24.08,inkjet,221.8,112.9,1.027,178.4,0.2463,0.714,,493.53,3.001,74.34,14973
Mo2CTx,O,NaOH,2.13953626908304,9.12,vacuum_filtration,138.3,72.9,1.081,126.6,,,323.0,399.66,4.094,80.72,10911
V2CTx,O,organic,1.3037325076346347,23.16,vacuum_filtration,226.8,17.3,1.616,,0.3308,,,418.24,3.333,76.85,13310
V2CTx,F,organic,2.138800187778557,16.99,drop_casting,223.4,83.6,1.268,114.0,,,208.8,413.27,4.25,81.37,12347
Ti2CTx,O,ionic_liquid,,24.51,spray_coating,,,1.461,170.9,0.0409,0.761,,481.85,5.087,72.59,15442
Nb2CTx,O,EMIMBF4,0.5152310137420436,27.52,vacuum_filtration,,,0.994,142.6,,0.456,430.2,502.79,6.894,68.76,10980
Nb2CTx,O,ionic_liquid,,27.93,spin_coating,98.0,79.8,1.961,44.5,0.2909,0.787,,433.4,5.269,72.45,14348
Ti3C2Tx,F,PVA_H2SO4,0.7804691651503319,4.23,spray_coating,,,,,,0.522,373.2,344.67,3.37,89.87,12114
V2CTx,OH,PVA_H2SO4,0.8639940957088283,21.6,drop_casting,205.3,46.5,1.166,,0.1015,,,434.82,3.584,69.15,17741
V2CTx,F,PVA_H2SO4,2.877029608144208,24.27,inkjet,83.8,42.3,0.988,85.1,0.0206,0.535,,549.45,3.185,70.54,15597
Nb2CTx,OH,H2SO4,,14.24,inkjet,192.2,83.2,1.293,29.1,,0.73,112.0,399.7,2.871,78.57,8768
Nb2CTx,mixed,PVA_H2SO4,1.9277902546803976,4.34,vacuum_filtration,110.3,91.3,1.521,,0.1332,,,276.81,2.313,93.61,17137
V2CTx,OH,EMIMBF4,,19.48,vacuum_filtration,124.3,56.2,0.817,,0.0389,,,473.77,3.998,78.69,17575
Ti3C2Tx,OH,PVA_H2SO4,0.7991839192187778,28.51,spray_coating,,,,,0.2061,,,580.13,3.987,69.99,12991
Ti2CTx,OH,PVA_H2SO4,2.7231310002060436,20.98,spin_coating,,,1.983,,,0.805,388.3,482.48,5.307,72.42,15365
V2CTx,OH,PVA_KOH,1.1413708625891634,4.7,spray_coating,,,1.407,22.1,,0.618,,398.04,2.386,88.77,14256
Mo2CTx,OH,EMIMBF4,1.5500743479578798,10.97,spray_coating,,,,,,0.385,358.1,307.64,5.336,78.8,12422
Ti3C2Tx,mixed,EMIMBF4,2.319885916681194,24.28,vacuum_filtration,166.1,112.2,1.231,,,,189.8,670.12,5.676,72.67,16109
Ti3CNTx,O,NaOH,,19.55,drop_casting,108.9,91.1,1.282,174.2,0.2,0.569,414.7,626.91,6.203,73.54,11839
Mo2CTx,O,ionic_liquid,,18.27,vacuum_filtration,,,1.278,163.6,0.2065,,,415.75,4.389,76.96,11491
Ti3C2Tx,F,KOH,1.0933387868659301,24.14,spin_coating,106.7,115.6,,61.6,0.2376,,442.8,615.54,5.088,70.85,12472
V2CTx,OH,EMIMBF4,,18.41,spin_coating,110.2,44.4,,,0.2014,,454.8,467.64,7.39,73.42,18187
Ti3C2Tx,F,organic,2.481181663896943,10.08,inkjet,232.4,55.3,1.568,178.4,0.258,0.416,33.0,443.16,2.612,83.45,11243
V2CTx,F,H2SO4,,22.2,drop_casting,110.4,29.4,,160.2,0.2871,0.818,196.1,553.42,3.434,73.42,7609
Nb2CTx,OH,KOH,,28.75,inkjet,,,,173.6,0.0423,,,507.07,2.846,70.02,10725
Mo2CTx,OH,PVA_KOH,,23.45,vacuum_filtration,,,1.628,,0.2582,0.712,,315.66,3.296,73.59,15398
Ti2CTx,OH,H2SO4,1.1118209317892511,21.49,drop_casting,,,,,,,,437.89,2.427,68.62,7681
V2CTx,F,organic,1.6072159255090666,12.8,spray_coating,,,1.401,93.0,0.1071,0.443,373.9,377.02,5.184,82.17,9112
Nb2CTx,F,ionic_liquid,1.4499928261070076,22.71,spin_coating,,,1.138,,0.2871,0.442,,316.58,5.022,74.33,13438
Mo2CTx,mixed,PVA_KOH,,21.17,drop_casting,156.3,31.6,,79.3,0.1767,,325.6,461.7,3.825,66.13,17245
Mo2CTx,OH,PVA_H2SO4,,11.69,spin_coating,134.3,110.9,1.839,168.9,,,,460.85,2.737,82.3,17246
Ti3CNTx,mixed,EMIMBF4,1.9922213894888205,19.52,spin_coating,127.8,117.6,,178.8,,,,571.89,4.629,79.26,17975
Ti3C2Tx,mixed,organic,,26.34,drop_casting,85.1,15.9,0.942,145.3,,,445.0,563.81,6.463,71.56,9100
Ti3C2Tx,F,ionic_liquid,2.982075162267573,24.67,drop_casting,162.5,90.9,1.713,24.2,,,199.7,522.63,6.318,68.32,15316
V2CTx,mixed,EMIMBF4,,2.29,spray_coating,,,1.529,31.8,,,197.1,255.89,3.565,90.67,14251
Mo2CTx,OH,PVA_KOH,0.583203924699127,19.46,inkjet,225.7,111.3,1.745,,0.1384,0.739,,399.27,3.314,78.34,14878
Mo2CTx,F,PVA_H2SO4,0.5762626917265979,24.74,vacuum_filtration,,,1.233,,,,,403.94,3.014,69.28,13562
Ta4C3Tx,O,PVA_H2SO4,,4.81,spin_coating,,,1.354,120.2,0.1237,0.612,365.4,401.22,4.638,88.29,17339
Ta4C3Tx,F,ionic_liquid,1.686313987006367,11.58,inkjet,223.8,31.3,1.542,129.7,0.3078,,479.3,342.78,6.521,87.97,14563
Ti3C2Tx,O,H2SO4,0.5646560063087454,13.17,drop_casting,164.3,80.7,0.975,189.9,,0.332,120.0,556.02,3.057,79.83,6915
V2CTx,F,NaOH,2.7860653890815845,29.2,spin_coating,98.3,39.2,1.19,142.2,0.1821,,63.2,489.64,4.49,68.48,8457
V2CTx,OH,H2SO4,1.7189761945702327,27.18,vacuum_filtration,211.5,18.8,0.92,197.1,0.3451,0.695,329.9,466.39,4.111,73.12,8237
Nb2CTx,O,ionic_liquid,,17.4,vacuum_filtration,,,0.995,100.4,,,313.3,435.07,4.871,71.02,15242
Ti3CNTx,F,ionic_liquid,,4.17,vacuum_filtration,246.8,119.2,0.995,79.0,,0.332,498.7,313.79,5.415,85.3,13824
Nb2CTx,mixed,PVA_KOH,,27.37,spin_coating,,,1.62,193.0,,,,494.69,4.519,77.12,17119
Ta4C3Tx,OH,NaOH,,25.03,drop_casting,,,1.734,57.7,0.317,,492.4,490.37,5.525,70.13,9609
Mo2CTx,O,PVA_H2SO4,2.6812122578864335,25.73,spin_coating,,,1.906,128.2,,0.33,,544.19,4.08,68.98,13367
Ti3C2Tx,O,KOH,1.901343083166262,3.97,spin_coating,93.5,57.6,1.644,,,,,386.67,1.736,87.49,9292
Ta4C3Tx,O,NaOH,,17.53,spray_coating,223.4,112.4,1.571,,0.1038,0.412,443.6,369.17,5.491,84.11,9613
Mo2CTx,OH,NaOH,1.8253490043261098,20.67,vacuum_filtration,90.1,20.4,1.549,,,0.727,210.9,403.57,3.852,78.76,9331
Ti3CNTx,F,H2SO4,1.942618696609799,6.81,inkjet,,,1.638,,0.1873,,343.3,410.98,2.892,89.84,7909
Ti3CNTx,F,H2SO4,1.7819090768259445,13.96,spray_coating,124.6,88.7,1.718,179.9,,0.93,109.4,607.54,2.597,89.21,8503
Ti3CNTx,OH,ionic_liquid,1.6958109645855628,15.25,spin_coating,230.7,100.9,,,0.2988,0.437,335.1,441.85,6.66,77.4,13353
Mo2CTx,F,PVA_H2SO4,2.274001148746799,16.23,drop_casting,163.3,28.3,1.575,84.1,,0.859,201.4,382.34,3.858,83.05,16283
Ti2CTx,OH,H2SO4,2.4535575713679436,6.9,spin_coating,,,1.626,109.3,,0.595,278.2,366.92,3.191,87.8,6227
Mo2CTx,O,EMIMBF4,,21.46,inkjet,128.0,72.0,1.097,189.6,,0.734,69.6,485.97,5.255,67.34,16343
V2CTx,OH,organic,,8.94,vacuum_filtration,120.1,36.1,1.467,,0.052,,,334.22,2.353,83.88,11557
Nb2CTx,mixed,NaOH,2.9976485868375624,29.02,drop_casting,207.3,41.5,1.413,182.8,,0.875,42.0,444.64,3.45,60.64,12227
V2CTx,OH,KOH,1.0167599989900746,19.46,drop_casting,186.3,74.9,,33.2,0.164,,88.8,536.57,2.787,69.86,12031
Ta4C3Tx,mixed,KOH,,19.2,inkjet,94.6,75.2,0.899,67.2,0.2309,0.621,178.1,486.13,2.644,72.16,9382
